Workbook

Sheet Instructions
A1: SYSTEM1 REQUIREMENT SOURCE REGISTRY
A2: Operator quick start, status definitions, examples, and recovery guidance
A4: QUICK START
A5: 1 | B5: Close Excel | C5: Save and close this workbook before running System1. If Excel is open, the program safely defers without writing.
A6: 2 | B6: Open the work queue | C6: Use Human Operation Desktop. The Dashboard is status-only and never runs local code.
A7: 3 | B7: Complete the yellow cells | C7: Choose operator_action, enter operator, and add operator_note when rejecting, returning, or reporting an error.
A8: 4 | B8: Run Routine Cycle | C8: Use Run System - macOS.command or Run System - Windows.cmd. checked_at is filled automatically.
A9: 5 | B9: Confirm the result | C9: Review program_status and program_result. Completed rows remain in the audit trail and are hidden.
A11: WORKBOOK STRUCTURE
A12: Instructions | B12: This sheet | C12: Quick Start, statuses, operator cases, examples, and recovery.
A13: Categories | B13: Controlled vocabulary | C13: Dropdown values and category definitions used by the registry.
A14: Source Register | B14: Program-generated source state | C14: The program-managed block must not be edited directly. Human-governed corrections flow through Human Operation Desktop.
A15: Dashboard | B15: Read-only status view | C15: Key source states, open work, automation status, and QA history.
A16: Human Operation Desktop | B16: Only operator work area | C16: All human decisions, corrections, candidate acceptance, manual-file actions, and Random QA.
A18: STATUS DEFINITIONS
A19: download_status | B19: SUCCESS / FAIL / PAYWALL_BLOCKED | C19: Collection result. Selection and download remain independent.
A20: selection_status | B20: INCLUDE / PENDING / EXCLUDE | C20: Effective source-list state. INCLUDE requires a valid current snapshot and completed governance checks.
A21: program_status | B21: PENDING / WAITING_FOR_HUMAN / NEEDS_REPLAN / APPLIED / REJECTED | C21: Open statuses remain visible. Final statuses remain stored but hidden.
A22: operator_action | B22: Varies by task type | C22: Source/selection review: APPLY or RETURN. Candidate/manual intake: ACCEPT or REJECT. Random QA: CORRECT or INCORRECT.
A24: OPERATOR CASES
A25: Existing source review | B25: Inspect the source and requested correction | C25: Unhide SOURCE CORRECTIONS only when the task asks for field changes, then choose APPLY or RETURN.
A26: Selection review | B26: Choose INCLUDE, PENDING, or EXCLUDE | C26: Unhide SOURCE CORRECTIONS, complete operator_selection_decision, and add a note when remaining PENDING.
A27: New source candidate | B27: Accept or reject the candidate | C27: Unhide CANDIDATE DETAILS, complete missing fields, then choose ACCEPT or REJECT. No new source is auto-accepted.
A28: Manual file intake | B28: Drop a file into Data/00_Human_Intake | C28: Routine Cycle identifies it, searches registered metadata for an official route, and creates a task for missing information.
A29: Manual replacement/paywall | B29: Provide only an authorised file | C29: The current valid source is retained unless the replacement validates successfully. System1 never bypasses a paywall.
A30: Random QA | B30: Verify the sampled source record and file | C30: Choose CORRECT or INCORRECT. An incorrect result creates a correction task.
A32: EXAMPLES
A33: Example 1 | B33: Selection review | C33: Unhide SOURCE CORRECTIONS, choose operator_selection_decision, select APPLY, enter your name, and run Routine Cycle.
A34: Example 2 | B34: Failed retrieval | C34: Verify the official URL, add a corrected retrieval URL if available, select APPLY, and run Routine Cycle. A failed retry preserves the current valid file.
A35: Example 3 | B35: New manual file | C35: Copy the file to Data/00_Human_Intake, run Routine Cycle, complete the candidate task, and choose ACCEPT only after provenance and applicability are confirmed.
A37: SETUP AND AUTOMATION
A38: Environment | B38: User-managed | C38: Install Python 3.11+, run the platform setup script, copy config templates, then run python -m system1 doctor.
A39: Automation | B39: Opt-in only | C39: Edit schedule.json and register it with the platform script. Moving the System1 folder requires unregistering and registering again.
A40: Concurrent editing | B40: Do not edit while System1 writes | C40: When making manual changes, pause or avoid the scheduled run. Excel-open and process locks prevent unsafe writes.
A42: RECOVERY
A43: Workbook repair prompt | B43: Choose No first | C43: Keep Excel closed, copy the latest backup from Code/runtime/backups, and run Validate Environment before retrying.
A44: DEFERRED_WORKBOOK_OPEN | B44: No data was changed | C44: Close Excel and run again.
A45: DEFERRED_ALREADY_RUNNING | B45: No second updater was started | C45: Wait for the current run to finish, then use View Last Run.
A46: FAIL or PAYWALL_BLOCKED | B46: Current valid file is preserved | C46: Use Human Operation Desktop for a corrected route or an authorised manual replacement.

Sheet Categories
A1: Categories and Controlled Values
A2: Program-generated controlled values. Do not edit this sheet directly; update approved configuration and regenerate.
A4: Classification dimension | Source family and identifier prefix
A5: Code | B5: Option value | C5: Definition | D5: Folder code
A6: PA | B6: Public authority | C6: Government, regulator or permitting authority | D6: A_Public_Authority
A7: SB | B7: Standards body | C7: Standards organisation such as NS, EN or ISO | D7: B_Standards_Body
A8: CS | B8: Certification scheme | C8: Certification scheme such as ASC or GLOBALG.A.P. | D8: C_Certification_Scheme
A9: MS | B9: Manufacturer / supplier | C9: Equipment manufacturer or supplier | D9: D_Manufacturer_Supplier
A10: PE | B10: Project / engineering | C10: Site, design or engineering source | D10: E_Project_Engineering
A11: CI | B11: Client / internal | C11: Client, contract or internal rule | D11: F_Client_Internal
A12: PC | B12: Pending classification | C12: Temporary category; cannot be directly included | D12: Z_Pending_Classification
A14: Classification dimension | Document type
A15: Code | B15: Option value | C15: Definition | D15: Notes
A16: LAW | B16: Law | C16: Primary legislation
A17: REG | B17: Regulation | C17: Secondary legislation or regulation
A18: PER | B18: Permit / authority decision | C18: Permit or site-specific administrative decision
A19: STD | B19: Technical standard | C19: NS, EN, ISO or industry technical standard
A20: SCH | B20: Scheme standard | C20: Primary certification scheme standard
A21: INT | B21: Interpretation document | C21: Interpretation manual or guidance
A22: AUD | B22: Audit / assessment document | C22: Audit manual, checklist or assessment tool
A23: MAN | B23: Equipment manual / OEM instruction | C23: Manufacturer installation, operation, maintenance or safety instruction
A24: ENG | B24: Design / engineering document | C24: Design basis, analysis or engineering report
A25: CON | B25: Internal policy / contract | C25: Client, contract or internal normative document
A26: OTH | B26: Other | C26: Use only when no controlled document type applies
A28: Classification dimension | Requirement role
A29: Code | B29: Option value | C29: Definition | D29: Notes
A30: PN | B30: Primary normative | C30: Directly creates requirements within the approved scope
A31: RN | B31: Referenced normative | C31: Applies through citation by law, contract or a primary source
A32: AN | B32: Asset-specific normative | C32: Creates requirements only for confirmed applicable equipment, model, asset or configuration
A33: GI | B33: Guidance / interpretation | C33: Helps interpretation but does not independently create requirements
A34: AT | B34: Audit / assessment tool | C34: Supports verification and should link to a primary source
A35: CE | B35: Context / evidence | C35: Provides facts or proof; only normative statements may become requirements
A36: DW | B36: Draft working material | C36: Working material that cannot be treated as formal authority
A38: Authoritative language
A39: Code | B39: Option value | C39: Definition | D39: Notes
A40: EN | B40: English | C40: English is authoritative | D40: Use the authoritative language first; among equivalent official versions the working preference is English, then Norwegian, then Other
A41: NO | B41: Norwegian | C41: Norwegian is authoritative
A42: OT | B42: Other | C42: Another language is authoritative; specify details in notes
A44: Jurisdiction
A45: Code | B45: Option value | C45: Definition | D45: Notes
A46: NO | B46: Norway | C46: Norwegian jurisdiction
A47: EU | B47: EU / EEA | C47: European Union or European Economic Area
A48: INT | B48: International | C48: International or scheme-wide scope
A49: MULTI | B49: Multi-jurisdiction | C49: Applies across more than one defined jurisdiction
A50: SITE | B50: Site-specific | C50: Applies to one site, permit or location
A51: OTH | B51: Other | C51: Another jurisdiction; specify details in notes
A53: File format
A54: Code | B54: Option value | C54: Definition | D54: Notes
A55: PDF | B55: pdf | C55: Use when no equivalent official HTML version contains the full source content
A56: HTML | B56: html | C56: Preferred format whenever an equivalent official HTML source contains the full authoritative content
A57: XLSX | B57: xlsx | C57: Original Excel workbook
A58: ZIP | B58: zip | C58: Original ZIP package; extraction requires an explicit rule
A60: Assessment score
A61: Code | B61: Option value | C61: Definition | D61: Notes
A62: L | B62: LOW | C62: Does not meet the criterion or evidence is materially insufficient
A63: M | B63: MEDIUM | C63: May meet the criterion but requires confirmation
A64: H | B64: HIGH | C64: Verified and supported by sufficient evidence
A66: Selection status
A67: Code | B67: Option value | C67: Definition | D67: Notes
A68: P | B68: PENDING | C68: Not yet selected, a gate is incomplete, or no validated current file with SUCCESS is available
A69: I | B69: INCLUDE | C69: Operator decision is INCLUDE, all mandatory gates are HIGH, and the current file is STORED with download_status SUCCESS
A70: E | B70: EXCLUDE | C70: Operator decision is EXCLUDE or at least one mandatory criterion is LOW
A72: Snapshot status
A73: Code | B73: Option value | C73: Definition | D73: Notes
A74: NC | B74: NOT_COLLECTED | C74: No current file has been collected
A75: ST | B75: STORED | C75: Current file is stored and locatable
A76: MI | B76: MISSING | C76: A registry record exists but the file is missing
A78: Download status
A79: Code | B79: Option value | C79: Definition | D79: Notes
A80: NR | B80: NOT_RUN | C80: Automated retrieval has not run
A81: PB | B81: PAYWALL_BLOCKED | C81: The official source is restricted by a paywall or licence; an authorised copy or route is required
A82: SU | B82: SUCCESS | C82: Download, validation and safe storage succeeded
A83: FA | B83: FAIL | C83: At least one stage failed and requires a recorded reason
A85: Content change
A86: Code | B86: Option value | C86: Definition | D86: Notes
A87: UK | B87: UNKNOWN | C87: Content has not been compared
A88: IN | B88: INITIAL | C88: First validated collection; no earlier snapshot exists
A89: UN | B89: UNCHANGED | C89: Hash matches the current valid file
A90: CH | B90: CHANGED | C90: Hash differs and creates a new snapshot
A92: Current origin
A93: Code | B93: Option value | C93: Definition | D93: Notes
A94: NO | B94: NONE | C94: No valid file exists
A95: AU | B95: AUTO | C95: Current file came from successful automated retrieval
A96: MA | B96: MANUAL | C96: Current file came from manual fallback
A98: Failure stage
A99: Code | B99: Option value | C99: Definition | D99: Notes
A100: NON | B100: NONE | C100: No failure
A101: CFG | B101: CONFIG | C101: Required field, URL, format or folder configuration is invalid
A102: CON | B102: CONNECTION | C102: DNS, network or connection failure
A103: HTT | B103: HTTP | C103: HTTP status, redirect or permission failure
A104: DOW | B104: DOWNLOAD | C104: Interrupted, timed-out or incomplete download
A105: FOR | B105: FORMAT | C105: Extension, MIME type or file signature mismatch
A106: CNT | B106: CONTENT | C106: Empty file, error page, login page or unreadable content
A107: STO | B107: STORAGE | C107: Write, rename or archive failure
A108: UNK | B108: UNKNOWN | C108: Failure stage not yet identified
A110: Source status
A111: Code | B111: Option value | C111: Definition | D111: Notes
A112: CU | B112: CURRENT | C112: Currently valid source
A113: SU | B113: SUPERSEDED | C113: Replaced by a later source or version
A114: WI | B114: WITHDRAWN | C114: Withdrawn by the issuer or no longer applicable
...

Sheet Source Register
A1: PROGRAM-MANAGED | DO NOT EDIT DIRECTLY | P1: HUMAN-GOVERNED | CHANGES APPLIED FROM HUMAN OPERATION DESKTOP
A2: source_id | B2: snapshot_id | C2: stored_filename | D2: snapshot_status | E2: selection_status | F2: download_status | G2: last_attempt_at | H2: last_success_at | I2: content_change | J2: current_origin | K2: current_snapshot_date | L2: failure_stage | M2: failure_reason | N2: needs_human_action | O2: content_hash | P2: source_title | Q2: official_url | R2: retrieval_url | S2: folder_code | T2: file_format | U2: issuer | V2: jurisdiction | W2: authoritative_language | X2: version | Y2: effective_date | Z2: source_family | AA2: document_type | AB2: requirement_role | AC2: inclusion_rationale | AD2: authority_quality | AE2: scope_relevance | AF2: version_currency | AG2: traceability | AH2: access_permission | AI2: automation_readiness | AJ2: operator_selection_decision | AK2: manual_update_date | AL2: manual_updated_by | AM2: source_status | AN2: primary_source_id | AO2: notes | AP2: acquisition_channel | AQ2: provenance_status | AR2: update_model | AS2: applicability_reference
A3: PA001 | B3: PA001-001 | C3: PA001-001_Act_relating_to_aquaculture_Aquaculture_Act.html | D3: STORED | E3: =IF(A3="","",IF(OR(AJ3="EXCLUDE",COUNTIF(AD3:AH3,"LOW")>0),"EXCLUDE",IF(OR(AJ3<>"INCLUDE",F3<>"SUCCESS",D3<>"STORED",U3="",AP3="",AQ3="",AQ3="UNVERIFIED",AND(AP3="OFFICIAL_WEBSITE",Q3=""),AND(OR(AA3="Equipment manual / OEM instruction",AB3="Asset-specific normative"),OR(Z3<>"Manufacturer / supplier",AS3="",AC3=""))),"PENDING",IF(COUNTIF(AD3:AH3,"HIGH")=5,"INCLUDE","PENDING")))) | F3: SUCCESS | G3: 46262.531 | H3: 46262.531 | I3: INITIAL | J3: AUTO | K3: =IF(A3="","",IF(J3="AUTO",H3,IF(J3="MANUAL",AK3,""))) | L3: NONE | N3: =IF(A3="","",IF(COUNTIFS('Human Operation Desktop'!$A$3:$A$502,A3,'Human Operation Desktop'!$I$3:$I$502,"<>APPLIED",'Human Operation Desktop'!$I$3:$I$502,"<>REJECTED")>0,"YES","NO")) | O3: 8c9f2d952806c8dabc44294d197d55654284d98ff63683cae18633b9ab76a967 | P3: Act relating to aquaculture (Aquaculture Act) | Q3: https://lovdata.no/dokument/NL/lov/2005-06-17-79 | R3: https://lovdata.no/dokument/NL/lov/2005-06-17-79 | S3: A_Public_Authority | T3: html | U3: Norwegian Ministry of Trade, Industry and Fisheries | V3: Norway | W3: Norwegian | Z3: Public authority | AA3: Law | AB3: Primary normative | AC3: Official law issued by Norwegian Ministry of Trade, Industry and Fisheries; included because it may impose binding requirements on an in-scope aquaculture asset, activity, permit or certification. | AD3: HIGH | AE3: HIGH | AF3: HIGH | AG3: HIGH | AH3: HIGH | AI3: HIGH | AJ3: INCLUDE | AM3: CURRENT | AO3: Project-mentioned candidate. Client scope and applicability are not yet approved. | AP3: OFFICIAL_WEBSITE | AQ3: OFFICIAL_ORIGINAL | AR3: ROLLING
A4: PA002 | B4: PA002-001 | C4: PA002-001_Regulation_on_production_areas_for_sea-based_salmon_trout_and_rainbow_trout_aquaculture.html | D4: STORED | E4: =IF(A4="","",IF(OR(AJ4="EXCLUDE",COUNTIF(AD4:AH4,"LOW")>0),"EXCLUDE",IF(OR(AJ4<>"INCLUDE",F4<>"SUCCESS",D4<>"STORED",U4="",AP4="",AQ4="",AQ4="UNVERIFIED",AND(AP4="OFFICIAL_WEBSITE",Q4=""),AND(OR(AA4="Equipment manual / OEM instruction",AB4="Asset-specific normative"),OR(Z4<>"Manufacturer / supplier",AS4="",AC4=""))),"PENDING",IF(COUNTIF(AD4:AH4,"HIGH")=5,"INCLUDE","PENDING")))) | F4: SUCCESS | G4: 46262.531 | H4: 46262.531 | I4: INITIAL | J4: AUTO | K4: =IF(A4="","",IF(J4="AUTO",H4,IF(J4="MANUAL",AK4,""))) | L4: NONE | N4: =IF(A4="","",IF(COUNTIFS('Human Operation Desktop'!$A$3:$A$502,A4,'Human Operation Desktop'!$I$3:$I$502,"<>APPLIED",'Human Operation Desktop'!$I$3:$I$502,"<>REJECTED")>0,"YES","NO")) | O4: 19a632a343fe10fa8262a0ed8df8daa6d3e96e34ff686704da4c28e3671b2833 | P4: Regulation on production areas for sea-based salmon, trout and rainbow trout aquaculture | Q4: https://lovdata.no/dokument/SF/forskrift/2017-01-16-61 | R4: https://lovdata.no/dokument/SF/forskrift/2017-01-16-61 | S4: A_Public_Authority | T4: html | U4: Norwegian Ministry of Trade, Industry and Fisheries | V4: Norway | W4: Norwegian | Z4: Public authority | AA4: Regulation | AB4: Primary normative | AC4: Official regulation issued by Norwegian Ministry of Trade, Industry and Fisheries; included because it may impose binding requirements on an in-scope aquaculture asset, activity, permit or certification. | AD4: HIGH | AE4: HIGH | AF4: HIGH | AG4: HIGH | AH4: HIGH | AI4: HIGH | AJ4: INCLUDE | AM4: CURRENT | AO4: Project-mentioned candidate. Conditional on species, production area and sea-based operation. | AP4: OFFICIAL_WEBSITE | AQ4: OFFICIAL_ORIGINAL | AR4: ROLLING
A5: PA003 | B5: PA003-001 | C5: PA003-001_Regulation_on_the_operation_of_aquaculture_facilities_Aquaculture_Operations_Regulations.html | D5: STORED | E5: =IF(A5="","",IF(OR(AJ5="EXCLUDE",COUNTIF(AD5:AH5,"LOW")>0),"EXCLUDE",IF(OR(AJ5<>"INCLUDE",F5<>"SUCCESS",D5<>"STORED",U5="",AP5="",AQ5="",AQ5="UNVERIFIED",AND(AP5="OFFICIAL_WEBSITE",Q5=""),AND(OR(AA5="Equipment manual / OEM instruction",AB5="Asset-specific normative"),OR(Z5<>"Manufacturer / supplier",AS5="",AC5=""))),"PENDING",IF(COUNTIF(AD5:AH5,"HIGH")=5,"INCLUDE","PENDING")))) | F5: SUCCESS | G5: 46262.531 | H5: 46262.531 | I5: INITIAL | J5: AUTO | K5: =IF(A5="","",IF(J5="AUTO",H5,IF(J5="MANUAL",AK5,""))) | L5: NONE | N5: =IF(A5="","",IF(COUNTIFS('Human Operation Desktop'!$A$3:$A$502,A5,'Human Operation Desktop'!$I$3:$I$502,"<>APPLIED",'Human Operation Desktop'!$I$3:$I$502,"<>REJECTED")>0,"YES","NO")) | O5: 81650171c1177e709d49dfe6b19673e4d07f5425b3bbb5cbf8fef92e3421bbea | P5: Regulation on the operation of aquaculture facilities (Aquaculture Operations Regulations) | Q5: https://lovdata.no/dokument/SF/forskrift/2008-06-17-822 | R5: https://lovdata.no/dokument/SF/forskrift/2008-06-17-822 | S5: A_Public_Authority | T5: html | U5: Norwegian Government | V5: Norway | W5: Norwegian | Z5: Public authority | AA5: Regulation | AB5: Primary normative | AC5: Official regulation issued by Norwegian Government; included because it may impose binding requirements on an in-scope aquaculture asset, activity, permit or certification. | AD5: HIGH | AE5: HIGH | AF5: HIGH | AG5: HIGH | AH5: HIGH | AI5: HIGH | AJ5: INCLUDE | AM5: CURRENT | AO5: Project-mentioned candidate. Central operational source; scope confirmation is still required. | AP5: OFFICIAL_WEBSITE | AQ5: OFFICIAL_ORIGINAL | AR5: ROLLING
A6: PA004 | B6: PA004-001 | C6: PA004-001_NYTEK23_-_Regulation_on_technical_standards_for_aquaculture_facilities_for_fish_in_sea_lakes_and_watercourses.html | D6: STORED | E6: =IF(A6="","",IF(OR(AJ6="EXCLUDE",COUNTIF(AD6:AH6,"LOW")>0),"EXCLUDE",IF(OR(AJ6<>"INCLUDE",F6<>"SUCCESS",D6<>"STORED",U6="",AP6="",AQ6="",AQ6="UNVERIFIED",AND(AP6="OFFICIAL_WEBSITE",Q6=""),AND(OR(AA6="Equipment manual / OEM instruction",AB6="Asset-specific normative"),OR(Z6<>"Manufacturer / supplier",AS6="",AC6=""))),"PENDING",IF(COUNTIF(AD6:AH6,"HIGH")=5,"INCLUDE","PENDING")))) | F6: SUCCESS | G6: 46262.531 | H6: 46262.531 | I6: INITIAL | J6: AUTO | K6: =IF(A6="","",IF(J6="AUTO",H6,IF(J6="MANUAL",AK6,""))) | L6: NONE | N6: =IF(A6="","",IF(COUNTIFS('Human Operation Desktop'!$A$3:$A$502,A6,'Human Operation Desktop'!$I$3:$I$502,"<>APPLIED",'Human Operation Desktop'!$I$3:$I$502,"<>REJECTED")>0,"YES","NO")) | O6: a20988ddfe78bcf3d4ab87695f50f2c0f57f542fe77f2b1a66f94a81a993ce17 | P6: NYTEK23 - Regulation on technical standards for aquaculture facilities for fish in sea, lakes and watercourses | Q6: https://lovdata.no/dokument/SF/forskrift/2022-08-22-1484 | R6: https://lovdata.no/dokument/SF/forskrift/2022-08-22-1484 | S6: A_Public_Authority | T6: html | U6: Norwegian Ministry of Trade, Industry and Fisheries | V6: Norway | W6: Norwegian | Z6: Public authority | AA6: Regulation | AB6: Primary normative | AC6: Official regulation issued by Norwegian Ministry of Trade, Industry and Fisheries; included because it may impose binding requirements on an in-scope aquaculture asset, activity, permit or certification. | AD6: HIGH | AE6: HIGH | AF6: HIGH | AG6: HIGH | AH6: HIGH | AI6: HIGH | AJ6: INCLUDE | AM6: CURRENT | AO6: Project-mentioned candidate. Applies to relevant water-based fish facilities. | AP6: OFFICIAL_WEBSITE | AQ6: OFFICIAL_ORIGINAL | AR6: ROLLING
A7: PA005 | B7: PA005-001 | C7: PA005-001_Animal_Welfare_Act.html | D7: STORED | E7: =IF(A7="","",IF(OR(AJ7="EXCLUDE",COUNTIF(AD7:AH7,"LOW")>0),"EXCLUDE",IF(OR(AJ7<>"INCLUDE",F7<>"SUCCESS",D7<>"STORED",U7="",AP7="",AQ7="",AQ7="UNVERIFIED",AND(AP7="OFFICIAL_WEBSITE",Q7=""),AND(OR(AA7="Equipment manual / OEM instruction",AB7="Asset-specific normative"),OR(Z7<>"Manufacturer / supplier",AS7="",AC7=""))),"PENDING",IF(COUNTIF(AD7:AH7,"HIGH")=5,"INCLUDE","PENDING")))) | F7: SUCCESS | G7: 46262.531 | H7: 46262.531 | I7: INITIAL | J7: AUTO | K7: =IF(A7="","",IF(J7="AUTO",H7,IF(J7="MANUAL",AK7,""))) | L7: NONE | N7: =IF(A7="","",IF(COUNTIFS('Human Operation Desktop'!$A$3:$A$502,A7,'Human Operation Desktop'!$I$3:$I$502,"<>APPLIED",'Human Operation Desktop'!$I$3:$I$502,"<>REJECTED")>0,"YES","NO")) | O7: 121dce4cf5263302d47a467a612b437ffb1a6c660fb7454b6698101f16ea3808 | P7: Animal Welfare Act | Q7: https://lovdata.no/dokument/NL/lov/2009-06-19-97 | R7: https://lovdata.no/dokument/NL/lov/2009-06-19-97 | S7: A_Public_Authority | T7: html | U7: Norwegian Ministry of Agriculture and Food | V7: Norway | W7: Norwegian | Z7: Public authority | AA7: Law | AB7: Primary normative | AC7: Official law issued by Norwegian Ministry of Agriculture and Food; included because it may impose binding requirements on an in-scope aquaculture asset, activity, permit or certification. | AD7: HIGH | AE7: HIGH | AF7: HIGH | AG7: HIGH | AH7: HIGH | AI7: HIGH | AJ7: INCLUDE | AM7: CURRENT | AO7: Project-mentioned candidate covering fish and other aquatic animals. | AP7: OFFICIAL_WEBSITE | AQ7: OFFICIAL_ORIGINAL | AR7: ROLLING
A8: PA006 | B8: PA006-001 | C8: PA006-001_Organic_Production_and_Labelling_Regulations.html | D8: STORED | E8: =IF(A8="","",IF(OR(AJ8="EXCLUDE",COUNTIF(AD8:AH8,"LOW")>0),"EXCLUDE",IF(OR(AJ8<>"INCLUDE",F8<>"SUCCESS",D8<>"STORED",U8="",AP8="",AQ8="",AQ8="UNVERIFIED",AND(AP8="OFFICIAL_WEBSITE",Q8=""),AND(OR(AA8="Equipment manual / OEM instruction",AB8="Asset-specific normative"),OR(Z8<>"Manufacturer / supplier",AS8="",AC8=""))),"PENDING",IF(COUNTIF(AD8:AH8,"HIGH")=5,"INCLUDE","PENDING")))) | F8: SUCCESS | G8: 46262.531 | H8: 46262.531 | I8: INITIAL | J8: AUTO | K8: =IF(A8="","",IF(J8="AUTO",H8,IF(J8="MANUAL",AK8,""))) | L8: NONE | N8: =IF(A8="","",IF(COUNTIFS('Human Operation Desktop'!$A$3:$A$502,A8,'Human Operation Desktop'!$I$3:$I$502,"<>APPLIED",'Human Operation Desktop'!$I$3:$I$502,"<>REJECTED")>0,"YES","NO")) | O8: 18009ae503b2261b56c5c11ddde0a8a7400915f2d1b93894f3ea66085b7ec642 | P8: Organic Production and Labelling Regulations | Q8: https://lovdata.no/dokument/SF/forskrift/2022-06-11-1171 | R8: https://lovdata.no/dokument/SF/forskrift/2022-06-11-1171 | S8: A_Public_Authority | T8: html | U8: Norwegian Government | V8: Norway | W8: Norwegian | Z8: Public authority | AA8: Regulation | AB8: Primary normative | AC8: Official regulation issued by Norwegian Government; included because it may impose binding requirements on an in-scope aquaculture asset, activity, permit or certification. | AD8: HIGH | AE8: MEDIUM | AF8: HIGH | AG8: HIGH | AH8: HIGH | AI8: HIGH | AJ8: PENDING | AM8: CURRENT | AO8: Project-mentioned candidate. Include only for organic production or labelling scope. | AP8: OFFICIAL_WEBSITE | AQ8: OFFICIAL_ORIGINAL | AR8: ROLLING
A9: PA007 | B9: PA007-001 | C9: PA007-001_Pollution_Control_Act.html | D9: STORED | E9: =IF(A9="","",IF(OR(AJ9="EXCLUDE",COUNTIF(AD9:AH9,"LOW")>0),"EXCLUDE",IF(OR(AJ9<>"INCLUDE",F9<>"SUCCESS",D9<>"STORED",U9="",AP9="",AQ9="",AQ9="UNVERIFIED",AND(AP9="OFFICIAL_WEBSITE",Q9=""),AND(OR(AA9="Equipment manual / OEM instruction",AB9="Asset-specific normative"),OR(Z9<>"Manufacturer / supplier",AS9="",AC9=""))),"PENDING",IF(COUNTIF(AD9:AH9,"HIGH")=5,"INCLUDE","PENDING")))) | F9: SUCCESS | G9: 46262.531 | H9: 46262.531 | I9: INITIAL | J9: AUTO | K9: =IF(A9="","",IF(J9="AUTO",H9,IF(J9="MANUAL",AK9,""))) | L9: NONE | N9: =IF(A9="","",IF(COUNTIFS('Human Operation Desktop'!$A$3:$A$502,A9,'Human Operation Desktop'!$I$3:$I$502,"<>APPLIED",'Human Operation Desktop'!$I$3:$I$502,"<>REJECTED")>0,"YES","NO")) | O9: 6dbac9891bf38811447ed04c583140063ff23e0e1494e59f5ca0aa485b1e5901 | P9: Pollution Control Act | Q9: https://lovdata.no/dokument/NL/lov/1981-03-13-6 | R9: https://lovdata.no/dokument/NL/lov/1981-03-13-6 | S9: A_Public_Authority | T9: html | U9: Norwegian Ministry of Climate and Environment | V9: Norway | W9: Norwegian | Z9: Public authority | AA9: Law | AB9: Primary normative | AC9: Official law issued by Norwegian Ministry of Climate and Environment; included because it may impose binding requirements on an in-scope aquaculture asset, activity, permit or certification. | AD9: HIGH | AE9: HIGH | AF9: HIGH | AG9: HIGH | AH9: HIGH | AI9: HIGH | AJ9: INCLUDE | AM9: CURRENT | AO9: Project-mentioned candidate for emissions, waste and pollution permits. | AP9: OFFICIAL_WEBSITE | AQ9: OFFICIAL_ORIGINAL | AR9: ROLLING
A10: PA008 | B10: PA008-001 | C10: PA008-001_Water_Framework_Regulations.html | D10: STORED | E10: =IF(A10="","",IF(OR(AJ10="EXCLUDE",COUNTIF(AD10:AH10,"LOW")>0),"EXCLUDE",IF(OR(AJ10<>"INCLUDE",F10<>"SUCCESS",D10<>"STORED",U10="",AP10="",AQ10="",AQ10="UNVERIFIED",AND(AP10="OFFICIAL_WEBSITE",Q10=""),AND(OR(AA10="Equipment manual / OEM instruction",AB10="Asset-specific normative"),OR(Z10<>"Manufacturer / supplier",AS10="",AC10=""))),"PENDING",IF(COUNTIF(AD10:AH10,"HIGH")=5,"INCLUDE","PENDING")))) | F10: SUCCESS | G10: 46262.531 | H10: 46262.531 | I10: INITIAL | J10: AUTO | K10: =IF(A10="","",IF(J10="AUTO",H10,IF(J10="MANUAL",AK10,""))) | L10: NONE | N10: =IF(A10="","",IF(COUNTIFS('Human Operation Desktop'!$A$3:$A$502,A10,'Human Operation Desktop'!$I$3:$I$502,"<>APPLIED",'Human Operation Desktop'!$I$3:$I$502,"<>REJECTED")>0,"YES","NO")) | O10: bc9d9f926fe9f5ba2ee6df81938c45b7f4a20579ab7f7a149a5e9d1432169da2 | P10: Water Framework Regulations | Q10: https://lovdata.no/dokument/SF/forskrift/2006-12-15-1446 | R10: https://lovdata.no/dokument/SF/forskrift/2006-12-15-1446 | S10: A_Public_Authority | T10: html | U10: Norwegian Government | V10: Norway | W10: Norwegian | Z10: Public authority | AA10: Regulation | AB10: Referenced normative | AC10: Official referenced source from Norwegian Government; included because an applicable law, permit or certification scheme may make its provisions binding within the approved scope. | AD10: HIGH | AE10: MEDIUM | AF10: HIGH | AG10: HIGH | AH10: HIGH | AI10: HIGH | AJ10: PENDING | AM10: CURRENT | AO10: Project-mentioned candidate. Relevance depends on recipient and water-body assessment. | AP10: OFFICIAL_WEBSITE | AQ10: OFFICIAL_ORIGINAL | AR10: ROLLING
A11: PA009 | B11: PA009-001 | C11: PA009-001_Product_Control_Act.html | D11: STORED | E11: =IF(A11="","",IF(OR(AJ11="EXCLUDE",COUNTIF(AD11:AH11,"LOW")>0),"EXCLUDE",IF(OR(AJ11<>"INCLUDE",F11<>"SUCCESS",D11<>"STORED",U11="",AP11="",AQ11="",AQ11="UNVERIFIED",AND(AP11="OFFICIAL_WEBSITE",Q11=""),AND(OR(AA11="Equipment manual / OEM instruction",AB11="Asset-specific normative"),OR(Z11<>"Manufacturer / supplier",AS11="",AC11=""))),"PENDING",IF(COUNTIF(AD11:AH11,"HIGH")=5,"INCLUDE","PENDING")))) | F11: SUCCESS | G11: 46262.531 | H11: 46262.531 | I11: INITIAL | J11: AUTO | K11: =IF(A11="","",IF(J11="AUTO",H11,IF(J11="MANUAL",AK11,""))) | L11: NONE | N11: =IF(A11="","",IF(COUNTIFS('Human Operation Desktop'!$A$3:$A$502,A11,'Human Operation Desktop'!$I$3:$I$502,"<>APPLIED",'Human Operation Desktop'!$I$3:$I$502,"<>REJECTED")>0,"YES","NO")) | O11: 3805399145febb193e5e92fe37c364f9d2e0c87c260acc495f284639e92641a2 | P11: Product Control Act | Q11: https://lovdata.no/dokument/NL/lov/1976-06-11-79 | R11: https://lovdata.no/dokument/NL/lov/1976-06-11-79 | S11: A_Public_Authority | T11: html | U11: Norwegian Ministry of Climate and Environment | V11: Norway | W11: Norwegian | Z11: Public authority | AA11: Law | AB11: Primary normative | AC11: Official law issued by Norwegian Ministry of Climate and Environment; included because it may impose binding requirements on an in-scope aquaculture asset, activity, permit or certification. | AD11: HIGH | AE11: HIGH | AF11: HIGH | AG11: HIGH | AH11: HIGH | AI11: HIGH | AJ11: INCLUDE | AM11: CURRENT | AO11: Project-mentioned candidate, including substitution duties for harmful products. | AP11: OFFICIAL_WEBSITE | AQ11: OFFICIAL_ORIGINAL | AR11: ROLLING
A12: PA010 | B12: PA010-001 | C12: PA010-001_Regulation_EU_2016_429_on_transmissible_animal_diseases_Animal_Health_Law.html | D12: STORED | E12: =IF(A12="","",IF(OR(AJ12="EXCLUDE",COUNTIF(AD12:AH12,"LOW")>0),"EXCLUDE",IF(OR(AJ12<>"INCLUDE",F12<>"SUCCESS",D12<>"STORED",U12="",AP12="",AQ12="",AQ12="UNVERIFIED",AND(AP12="OFFICIAL_WEBSITE",Q12=""),AND(OR(AA12="Equipment manual / OEM instruction",AB12="Asset-specific normative"),OR(Z12<>"Manufacturer / supplier",AS12="",AC12=""))),"PENDING",IF(COUNTIF(AD12:AH12,"HIGH")=5,"INCLUDE","PENDING")))) | F12: SUCCESS | G12: 46265.447 | H12: 46265.447 | I12: INITIAL | J12: AUTO | K12: =IF(A12="","",IF(J12="AUTO",H12,IF(J12="MANUAL",AK12,""))) | L12: NONE | N12: =IF(A12="","",IF(COUNTIFS('Human Operation Desktop'!$A$3:$A$502,A12,'Human Operation Desktop'!$I$3:$I$502,"<>APPLIED",'Human Operation Desktop'!$I$3:$I$502,"<>REJECTED")>0,"YES","NO")) | O12: 3ac51613dbdfb998b2d2c68e2df564b8a19c7d398d34d52f0228e6c10c30f8ed | P12: Regulation (EU) 2016/429 on transmissible animal diseases (Animal Health Law) | Q12: https://eur-lex.europa.eu/legal-content/EN/TXT/?uri=CELEX:32016R0429 | R12: https://publications.europa.eu/resource/oj/JOL_2016_084_R_0001.ENG | S12: A_Public_Authority | T12: html | U12: European Parliament and Council of the European Union | V12: EU / EEA | W12: English | Z12: Public authority | AA12: Regulation | AB12: Referenced normative | AC12: Official referenced source from European Parliament and Council of the European Union; included because an applicable law, permit or certification scheme may make its provisions binding within the approved scope. | AD12: HIGH | AE12: MEDIUM | AF12: HIGH | AG12: HIGH | AH12: HIGH | AI12: HIGH | AJ12: PENDING | AK12: 46265 | AL12: Jay | AM12: CURRENT | AO12: Human review 2026-08-31: the prior language-neutral ELI URL did not select English. The official URL now uses the explicit English document view. The retrieval URL now uses the official English XHTML manifestation from the Publications Office for deterministic content negotiation. EEA/Norwegian applicability still requires separate confirmation. | AP12: OFFICIAL_WEBSITE | AQ12: OFFICIAL_ORIGINAL | AR12: ROLLING
A13: PA011 | B13: PA011-001 | C13: PA011-001_Working_Environment_Act.html | D13: STORED | E13: =IF(A13="","",IF(OR(AJ13="EXCLUDE",COUNTIF(AD13:AH13,"LOW")>0),"EXCLUDE",IF(OR(AJ13<>"INCLUDE",F13<>"SUCCESS",D13<>"STORED",U13="",AP13="",AQ13="",AQ13="UNVERIFIED",AND(AP13="OFFICIAL_WEBSITE",Q13=""),AND(OR(AA13="Equipment manual / OEM instruction",AB13="Asset-specific normative"),OR(Z13<>"Manufacturer / supplier",AS13="",AC13=""))),"PENDING",IF(COUNTIF(AD13:AH13,"HIGH")=5,"INCLUDE","PENDING")))) | F13: SUCCESS | G13: 46262.531 | H13: 46262.531 | I13: INITIAL | J13: AUTO | K13: =IF(A13="","",IF(J13="AUTO",H13,IF(J13="MANUAL",AK13,""))) | L13: NONE | N13: =IF(A13="","",IF(COUNTIFS('Human Operation Desktop'!$A$3:$A$502,A13,'Human Operation Desktop'!$I$3:$I$502,"<>APPLIED",'Human Operation Desktop'!$I$3:$I$502,"<>REJECTED")>0,"YES","NO")) | O13: 96cec52793e643ff1daf51254216f36e1ac4b2216e80dea9f09161708d0a9170 | P13: Working Environment Act | Q13: https://lovdata.no/dokument/NL/lov/2005-06-17-62 | R13: https://lovdata.no/dokument/NL/lov/2005-06-17-62 | S13: A_Public_Authority | T13: html | U13: Norwegian Ministry of Labour and Social Inclusion | V13: Norway | W13: Norwegian | Z13: Public authority | AA13: Law | AB13: Primary normative | AC13: Official law issued by Norwegian Ministry of Labour and Social Inclusion; included because it may impose binding requirements on an in-scope aquaculture asset, activity, permit or certification. | AD13: HIGH | AE13: HIGH | AF13: HIGH | AG13: HIGH | AH13: HIGH | AI13: HIGH | AJ13: INCLUDE | AM13: CURRENT | AO13: Project-mentioned candidate for worker health, safety and training. | AP13: OFFICIAL_WEBSITE | AQ13: OFFICIAL_ORIGINAL | AR13: ROLLING
A14: PA012 | B14: PA012-001 | C14: PA012-001_Regulations_concerning_the_performance_of_work_psychosocial_working_environment_use_of_work_equipment_and_related_techni.html | D14: STORED | E14: =IF(A14="","",IF(OR(AJ14="EXCLUDE",COUNTIF(AD14:AH14,"LOW")>0),"EXCLUDE",IF(OR(AJ14<>"INCLUDE",F14<>"SUCCESS",D14<>"STORED",U14="",AP14="",AQ14="",AQ14="UNVERIFIED",AND(AP14="OFFICIAL_WEBSITE",Q14=""),AND(OR(AA14="Equipment manual / OEM instruction",AB14="Asset-specific normative"),OR(Z14<>"Manufacturer / supplier",AS14="",AC14=""))),"PENDING",IF(COUNTIF(AD14:AH14,"HIGH")=5,"INCLUDE","PENDING")))) | F14: SUCCESS | G14: 46262.531 | H14: 46262.531 | I14: INITIAL | J14: AUTO | K14: =IF(A14="","",IF(J14="AUTO",H14,IF(J14="MANUAL",AK14,""))) | L14: NONE | N14: =IF(A14="","",IF(COUNTIFS('Human Operation Desktop'!$A$3:$A$502,A14,'Human Operation Desktop'!$I$3:$I$502,"<>APPLIED",'Human Operation Desktop'!$I$3:$I$502,"<>REJECTED")>0,"YES","NO")) | O14: 15cc7d1de65ea3277121031dd0c7e4d7b44ea7950fdfbd38df7d402255860e68 | P14: Regulations concerning the performance of work, psychosocial working environment, use of work equipment and related technical requirements | Q14: https://lovdata.no/dokument/SF/forskrift/2011-12-06-1357 | R14: https://lovdata.no/dokument/SF/forskrift/2011-12-06-1357 | S14: A_Public_Authority | T14: html | U14: Norwegian Ministry of Labour and Social Inclusion | V14: Norway | W14: Norwegian | Z14: Public authority | AA14: Regulation | AB14: Primary normative | AC14: Official regulation issued by Norwegian Ministry of Labour and Social Inclusion; included because it may impose binding requirements on an in-scope aquaculture asset, activity, permit or certification. | AD14: HIGH | AE14: HIGH | AF14: HIGH | AG14: HIGH | AH14: HIGH | AI14: HIGH | AJ14: INCLUDE | AM14: CURRENT | AO14: Project-mentioned candidate. Applicability depends on work activities and equipment. | AP14: OFFICIAL_WEBSITE | AQ14: OFFICIAL_ORIGINAL | AR14: ROLLING
A15: PA013 | B15: PA013-001 | C15: PA013-001_Food_Act.html | D15: STORED | E15: =IF(A15="","",IF(OR(AJ15="EXCLUDE",COUNTIF(AD15:AH15,"LOW")>0),"EXCLUDE",IF(OR(AJ15<>"INCLUDE",F15<>"SUCCESS",D15<>"STORED",U15="",AP15="",AQ15="",AQ15="UNVERIFIED",AND(AP15="OFFICIAL_WEBSITE",Q15=""),AND(OR(AA15="Equipment manual / OEM instruction",AB15="Asset-specific normative"),OR(Z15<>"Manufacturer / supplier",AS15="",AC15=""))),"PENDING",IF(COUNTIF(AD15:AH15,"HIGH")=5,"INCLUDE","PENDING")))) | F15: SUCCESS | G15: 46262.531 | H15: 46262.531 | I15: INITIAL | J15: AUTO | K15: =IF(A15="","",IF(J15="AUTO",H15,IF(J15="MANUAL",AK15,""))) | L15: NONE | N15: =IF(A15="","",IF(COUNTIFS('Human Operation Desktop'!$A$3:$A$502,A15,'Human Operation Desktop'!$I$3:$I$502,"<>APPLIED",'Human Operation Desktop'!$I$3:$I$502,"<>REJECTED")>0,"YES","NO")) | O15: fffe78cee31f4f34218728d0e8d8919b5fe5ccae40e8f41a067757370372d8db | P15: Food Act | Q15: https://lovdata.no/dokument/NL/lov/2003-12-19-124 | R15: https://lovdata.no/dokument/NL/lov/2003-12-19-124 | S15: A_Public_Authority | T15: html | U15: Norwegian Government | V15: Norway | W15: Norwegian | Z15: Public authority | AA15: Law | AB15: Primary normative | AC15: Official law issued by Norwegian Government; included because it may impose binding requirements on an in-scope aquaculture asset, activity, permit or certification. | AD15: HIGH | AE15: HIGH | AF15: HIGH | AG15: HIGH | AH15: HIGH | AI15: HIGH | AJ15: INCLUDE | AM15: CURRENT | AO15: Official expansion from Fiskeridirektoratet risk-management sources; scope confirmation required. | AP15: OFFICIAL_WEBSITE | AQ15: OFFICIAL_ORIGINAL | AR15: ROLLING
A16: PA014 | B16: PA014-001 | C16: PA014-001_Animal_Health_Personnel_Act.html | D16: STORED | E16: =IF(A16="","",IF(OR(AJ16="EXCLUDE",COUNTIF(AD16:AH16,"LOW")>0),"EXCLUDE",IF(OR(AJ16<>"INCLUDE",F16<>"SUCCESS",D16<>"STORED",U16="",AP16="",AQ16="",AQ16="UNVERIFIED",AND(AP16="OFFICIAL_WEBSITE",Q16=""),AND(OR(AA16="Equipment manual / OEM instruction",AB16="Asset-specific normative"),OR(Z16<>"Manufacturer / supplier",AS16="",AC16=""))),"PENDING",IF(COUNTIF(AD16:AH16,"HIGH")=5,"INCLUDE","PENDING")))) | F16: SUCCESS | G16: 46262.531 | H16: 46262.531 | I16: INITIAL | J16: AUTO | K16: =IF(A16="","",IF(J16="AUTO",H16,IF(J16="MANUAL",AK16,""))) | L16: NONE | N16: =IF(A16="","",IF(COUNTIFS('Human Operation Desktop'!$A$3:$A$502,A16,'Human Operation Desktop'!$I$3:$I$502,"<>APPLIED",'Human Operation Desktop'!$I$3:$I$502,"<>REJECTED")>0,"YES","NO")) | O16: d1f92d2c418243c85675fe93401a76b489b88306833b3478073fa844aa83b30b | P16: Animal Health Personnel Act | Q16: https://lovdata.no/dokument/NL/lov/2001-06-15-75 | R16: https://lovdata.no/dokument/NL/lov/2001-06-15-75 | S16: A_Public_Authority | T16: html | U16: Norwegian Ministry of Agriculture and Food | V16: Norway | W16: Norwegian | Z16: Public authority | AA16: Law | AB16: Primary normative | AC16: Official law issued by Norwegian Ministry of Agriculture and Food; included because it may impose binding requirements on an in-scope aquaculture asset, activity, permit or certification. | AD16: HIGH | AE16: MEDIUM | AF16: HIGH | AG16: HIGH | AH16: HIGH | AI16: HIGH | AJ16: PENDING | AM16: CURRENT | AO16: Official expansion. Relevant where veterinarians or aquatic animal health personnel perform regulated tasks. | AP16: OFFICIAL_WEBSITE | AQ16: OFFICIAL_ORIGINAL | AR16: ROLLING
A17: PA015 | B17: PA015-001 | C17: PA015-001_Regulation_on_control_of_salmon_lice_in_aquaculture_facilities.html | D17: STORED | E17: =IF(A17="","",IF(OR(AJ17="EXCLUDE",COUNTIF(AD17:AH17,"LOW")>0),"EXCLUDE",IF(OR(AJ17<>"INCLUDE",F17<>"SUCCESS",D17<>"STORED",U17="",AP17="",AQ17="",AQ17="UNVERIFIED",AND(AP17="OFFICIAL_WEBSITE",Q17=""),AND(OR(AA17="Equipment manual / OEM instruction",AB17="Asset-specific normative"),OR(Z17<>"Manufacturer / supplier",AS17="",AC17=""))),"PENDING",IF(COUNTIF(AD17:AH17,"HIGH")=5,"INCLUDE","PENDING")))) | F17: SUCCESS | G17: 46262.531 | H17: 46262.531 | I17: INITIAL | J17: AUTO | K17: =IF(A17="","",IF(J17="AUTO",H17,IF(J17="MANUAL",AK17,""))) | L17: NONE | N17: =IF(A17="","",IF(COUNTIFS('Human Operation Desktop'!$A$3:$A$502,A17,'Human Operation Desktop'!$I$3:$I$502,"<>APPLIED",'Human Operation Desktop'!$I$3:$I$502,"<>REJECTED")>0,"YES","NO")) | O17: 9334a78a021971411e5c8826a2bb16aab1db707d778f6249c9a36b0afc90a4a1 | P17: Regulation on control of salmon lice in aquaculture facilities | Q17: https://lovdata.no/dokument/SF/forskrift/2012-12-05-1140 | R17: https://lovdata.no/dokument/SF/forskrift/2012-12-05-1140 | S17: A_Public_Authority | T17: html | U17: Norwegian Ministry of Trade, Industry and Fisheries | V17: Norway | W17: Norwegian | Z17: Public authority | AA17: Regulation | AB17: Primary normative | AC17: Official regulation issued by Norwegian Ministry of Trade, Industry and Fisheries; included because it may impose binding requirements on an in-scope aquaculture asset, activity, permit or certification. | AD17: HIGH | AE17: HIGH | AF17: HIGH | AG17: HIGH | AH17: HIGH | AI17: HIGH | AJ17: INCLUDE | AM17: CURRENT | AO17: Official expansion from Fiskeridirektoratet risk-management sources; species and operation scope must be confirmed. | AP17: OFFICIAL_WEBSITE | AQ17: OFFICIAL_ORIGINAL | AR17: ROLLING
A18: PA016 | B18: PA016-001 | C18: PA016-001_Regulation_on_internal_control_to_comply_with_aquaculture_legislation_IK-Aquaculture.html | D18: STORED | E18: =IF(A18="","",IF(OR(AJ18="EXCLUDE",COUNTIF(AD18:AH18,"LOW")>0),"EXCLUDE",IF(OR(AJ18<>"INCLUDE",F18<>"SUCCESS",D18<>"STORED",U18="",AP18="",AQ18="",AQ18="UNVERIFIED",AND(AP18="OFFICIAL_WEBSITE",Q18=""),AND(OR(AA18="Equipment manual / OEM instruction",AB18="Asset-specific normative"),OR(Z18<>"Manufacturer / supplier",AS18="",AC18=""))),"PENDING",IF(COUNTIF(AD18:AH18,"HIGH")=5,"INCLUDE","PENDING")))) | F18: SUCCESS | G18: 46262.531 | H18: 46262.531 | I18: INITIAL | J18: AUTO | K18: =IF(A18="","",IF(J18="AUTO",H18,IF(J18="MANUAL",AK18,""))) | L18: NONE | N18: =IF(A18="","",IF(COUNTIFS('Human Operation Desktop'!$A$3:$A$502,A18,'Human Operation Desktop'!$I$3:$I$502,"<>APPLIED",'Human Operation Desktop'!$I$3:$I$502,"<>REJECTED")>0,"YES","NO")) | O18: a8a24e5e32dfc061868654b4e1fa2c6925b6333aa34a41c952cc66de9710977b | P18: Regulation on internal control to comply with aquaculture legislation (IK-Aquaculture) | Q18: https://lovdata.no/dokument/SF/forskrift/2004-03-19-537 | R18: https://lovdata.no/dokument/SF/forskrift/2004-03-19-537 | S18: A_Public_Authority | T18: html | U18: Norwegian Government | V18: Norway | W18: Norwegian | Z18: Public authority | AA18: Regulation | AB18: Primary normative | AC18: Official regulation issued by Norwegian Government; included because it may impose binding requirements on an in-scope aquaculture asset, activity, permit or certification. | AD18: HIGH | AE18: HIGH | AF18: HIGH | AG18: HIGH | AH18: HIGH | AI18: HIGH | AJ18: INCLUDE | AM18: CURRENT | AO18: Official expansion. Core management-system candidate for Norwegian aquaculture operations. | AP18: OFFICIAL_WEBSITE | AQ18: OFFICIAL_ORIGINAL | AR18: ROLLING
A19: PA017 | B19: PA017-001 | C19: PA017-001_Internal_Control_Regulations.html | D19: STORED | E19: =IF(A19="","",IF(OR(AJ19="EXCLUDE",COUNTIF(AD19:AH19,"LOW")>0),"EXCLUDE",IF(OR(AJ19<>"INCLUDE",F19<>"SUCCESS",D19<>"STORED",U19="",AP19="",AQ19="",AQ19="UNVERIFIED",AND(AP19="OFFICIAL_WEBSITE",Q19=""),AND(OR(AA19="Equipment manual / OEM instruction",AB19="Asset-specific normative"),OR(Z19<>"Manufacturer / supplier",AS19="",AC19=""))),"PENDING",IF(COUNTIF(AD19:AH19,"HIGH")=5,"INCLUDE","PENDING")))) | F19: SUCCESS | G19: 46262.531 | H19: 46262.531 | I19: INITIAL | J19: AUTO | K19: =IF(A19="","",IF(J19="AUTO",H19,IF(J19="MANUAL",AK19,""))) | L19: NONE | N19: =IF(A19="","",IF(COUNTIFS('Human Operation Desktop'!$A$3:$A$502,A19,'Human Operation Desktop'!$I$3:$I$502,"<>APPLIED",'Human Operation Desktop'!$I$3:$I$502,"<>REJECTED")>0,"YES","NO")) | O19: 7f640e3626fbd2d3aa9e6f8f0fad328170f26e4a73a9f59fd20ffe74f400b546 | P19: Internal Control Regulations | Q19: https://lovdata.no/dokument/SF/forskrift/1996-12-06-1127 | R19: https://lovdata.no/dokument/SF/forskrift/1996-12-06-1127 | S19: A_Public_Authority | T19: html | U19: Norwegian Government | V19: Norway | W19: Norwegian | Z19: Public authority | AA19: Regulation | AB19: Primary normative | AC19: Official regulation issued by Norwegian Government; included because it may impose binding requirements on an in-scope aquaculture asset, activity, permit or certification. | AD19: HIGH | AE19: HIGH | AF19: HIGH | AG19: HIGH | AH19: HIGH | AI19: HIGH | AJ19: INCLUDE | AM19: CURRENT | AO19: Official expansion. Cross-sector HSE internal-control source; overlap with IK-Aquaculture requires later mapping. | AP19: OFFICIAL_WEBSITE | AQ19: OFFICIAL_ORIGINAL | AR19: ROLLING
A20: PA018 | B20: PA018-001 | C20: PA018-001_Ship_Safety_and_Security_Act.html | D20: STORED | E20: =IF(A20="","",IF(OR(AJ20="EXCLUDE",COUNTIF(AD20:AH20,"LOW")>0),"EXCLUDE",IF(OR(AJ20<>"INCLUDE",F20<>"SUCCESS",D20<>"STORED",U20="",AP20="",AQ20="",AQ20="UNVERIFIED",AND(AP20="OFFICIAL_WEBSITE",Q20=""),AND(OR(AA20="Equipment manual / OEM instruction",AB20="Asset-specific normative"),OR(Z20<>"Manufacturer / supplier",AS20="",AC20=""))),"PENDING",IF(COUNTIF(AD20:AH20,"HIGH")=5,"INCLUDE","PENDING")))) | F20: SUCCESS | G20: 46262.531 | H20: 46262.531 | I20: INITIAL | J20: AUTO | K20: =IF(A20="","",IF(J20="AUTO",H20,IF(J20="MANUAL",AK20,""))) | L20: NONE | N20: =IF(A20="","",IF(COUNTIFS('Human Operation Desktop'!$A$3:$A$502,A20,'Human Operation Desktop'!$I$3:$I$502,"<>APPLIED",'Human Operation Desktop'!$I$3:$I$502,"<>REJECTED")>0,"YES","NO")) | O20: 535ce0ef3c8d36ecc15baf5c64f069fdb5f62dd72579d24e1c6157acc8cdf009 | P20: Ship Safety and Security Act | Q20: https://lovdata.no/dokument/NL/lov/2007-02-16-9 | R20: https://lovdata.no/dokument/NL/lov/2007-02-16-9 | S20: A_Public_Authority | T20: html | U20: Norwegian Government | V20: Norway | W20: Norwegian | Z20: Public authority | AA20: Law | AB20: Primary normative | AC20: Official law issued by Norwegian Government; included because it may impose binding requirements on an in-scope aquaculture asset, activity, permit or certification. | AD20: HIGH | AE20: MEDIUM | AF20: HIGH | AG20: HIGH | AH20: HIGH | AI20: HIGH | AJ20: PENDING | AM20: CURRENT | AO20: Official expansion. Conditional on vessels and maritime operations within client scope. | AP20: OFFICIAL_WEBSITE | AQ20: OFFICIAL_ORIGINAL | AR20: ROLLING
A21: PA019 | B21: PA019-001 | C21: PA019-001_Regulation_on_transport_of_aquaculture_animals.html | D21: STORED | E21: =IF(A21="","",IF(OR(AJ21="EXCLUDE",COUNTIF(AD21:AH21,"LOW")>0),"EXCLUDE",IF(OR(AJ21<>"INCLUDE",F21<>"SUCCESS",D21<>"STORED",U21="",AP21="",AQ21="",AQ21="UNVERIFIED",AND(AP21="OFFICIAL_WEBSITE",Q21=""),AND(OR(AA21="Equipment manual / OEM instruction",AB21="Asset-specific normative"),OR(Z21<>"Manufacturer / supplier",AS21="",AC21=""))),"PENDING",IF(COUNTIF(AD21:AH21,"HIGH")=5,"INCLUDE","PENDING")))) | F21: SUCCESS | G21: 46262.531 | H21: 46262.531 | I21: INITIAL | J21: AUTO | K21: =IF(A21="","",IF(J21="AUTO",H21,IF(J21="MANUAL",AK21,""))) | L21: NONE | N21: =IF(A21="","",IF(COUNTIFS('Human Operation Desktop'!$A$3:$A$502,A21,'Human Operation Desktop'!$I$3:$I$502,"<>APPLIED",'Human Operation Desktop'!$I$3:$I$502,"<>REJECTED")>0,"YES","NO")) | O21: c3a1a1d71bad6255d833abf37550f8ef1d79c996a82468a85fccbb7a474e6ded | P21: Regulation on transport of aquaculture animals | Q21: https://lovdata.no/dokument/SF/forskrift/2008-06-17-820 | R21: https://lovdata.no/dokument/SF/forskrift/2008-06-17-820 | S21: A_Public_Authority | T21: html | U21: Norwegian Government | V21: Norway | W21: Norwegian | Z21: Public authority | AA21: Regulation | AB21: Primary normative | AC21: Official regulation issued by Norwegian Government; included because it may impose binding requirements on an in-scope aquaculture asset, activity, permit or certification. | AD21: HIGH | AE21: MEDIUM | AF21: HIGH | AG21: HIGH | AH21: HIGH | AI21: HIGH | AJ21: PENDING | AM21: CURRENT | AO21: Official expansion from Mattilsynet. Conditional on live-animal transport activities. | AP21: OFFICIAL_WEBSITE | AQ21: OFFICIAL_ORIGINAL | AR21: ROLLING
A22: PA020 | B22: PA020-001 | C22: PA020-001_Regulation_on_slaughterhouses_and_processing_facilities_for_aquaculture_animals.html | D22: STORED | E22: =IF(A22="","",IF(OR(AJ22="EXCLUDE",COUNTIF(AD22:AH22,"LOW")>0),"EXCLUDE",IF(OR(AJ22<>"INCLUDE",F22<>"SUCCESS",D22<>"STORED",U22="",AP22="",AQ22="",AQ22="UNVERIFIED",AND(AP22="OFFICIAL_WEBSITE",Q22=""),AND(OR(AA22="Equipment manual / OEM instruction",AB22="Asset-specific normative"),OR(Z22<>"Manufacturer / supplier",AS22="",AC22=""))),"PENDING",IF(COUNTIF(AD22:AH22,"HIGH")=5,"INCLUDE","PENDING")))) | F22: SUCCESS | G22: 46262.531 | H22: 46262.531 | I22: INITIAL | J22: AUTO | K22: =IF(A22="","",IF(J22="AUTO",H22,IF(J22="MANUAL",AK22,""))) | L22: NONE | N22: =IF(A22="","",IF(COUNTIFS('Human Operation Desktop'!$A$3:$A$502,A22,'Human Operation Desktop'!$I$3:$I$502,"<>APPLIED",'Human Operation Desktop'!$I$3:$I$502,"<>REJECTED")>0,"YES","NO")) | O22: 660825e1fb0f6b15f9e8501319e334d7b67de1790c34645715f5b184d3d397cc | P22: Regulation on slaughterhouses and processing facilities for aquaculture animals | Q22: https://lovdata.no/dokument/SF/forskrift/2006-10-30-1250 | R22: https://lovdata.no/dokument/SF/forskrift/2006-10-30-1250 | S22: A_Public_Authority | T22: html | U22: Norwegian Ministry of Trade, Industry and Fisheries | V22: Norway | W22: Norwegian | Z22: Public authority | AA22: Regulation | AB22: Primary normative | AC22: Official regulation issued by Norwegian Ministry of Trade, Industry and Fisheries; included because it may impose binding requirements on an in-scope aquaculture asset, activity, permit or certification. | AD22: HIGH | AE22: MEDIUM | AF22: HIGH | AG22: HIGH | AH22: HIGH | AI22: HIGH | AJ22: PENDING | AM22: CURRENT | AO22: Official expansion from Mattilsynet. Include only when slaughter or processing is in scope. | AP22: OFFICIAL_WEBSITE | AQ22: OFFICIAL_ORIGINAL | AR22: ROLLING
A23: PA021 | B23: PA021-001 | C23: PA021-001_Regulation_on_permits_for_aquaculture_of_salmon_trout_and_rainbow_trout_Salmon_Allocation_Regulations.html | D23: STORED | E23: =IF(A23="","",IF(OR(AJ23="EXCLUDE",COUNTIF(AD23:AH23,"LOW")>0),"EXCLUDE",IF(OR(AJ23<>"INCLUDE",F23<>"SUCCESS",D23<>"STORED",U23="",AP23="",AQ23="",AQ23="UNVERIFIED",AND(AP23="OFFICIAL_WEBSITE",Q23=""),AND(OR(AA23="Equipment manual / OEM instruction",AB23="Asset-specific normative"),OR(Z23<>"Manufacturer / supplier",AS23="",AC23=""))),"PENDING",IF(COUNTIF(AD23:AH23,"HIGH")=5,"INCLUDE","PENDING")))) | F23: SUCCESS | G23: 46262.531 | H23: 46262.531 | I23: INITIAL | J23: AUTO | K23: =IF(A23="","",IF(J23="AUTO",H23,IF(J23="MANUAL",AK23,""))) | L23: NONE | N23: =IF(A23="","",IF(COUNTIFS('Human Operation Desktop'!$A$3:$A$502,A23,'Human Operation Desktop'!$I$3:$I$502,"<>APPLIED",'Human Operation Desktop'!$I$3:$I$502,"<>REJECTED")>0,"YES","NO")) | O23: 7ad31127a98909210f86c2df281141adc3218206d348c07c01be4a00c540964d | P23: Regulation on permits for aquaculture of salmon, trout and rainbow trout (Salmon Allocation Regulations) | Q23: https://lovdata.no/dokument/SF/forskrift/2022-11-07-1929 | R23: https://lovdata.no/dokument/SF/forskrift/2022-11-07-1929 | S23: A_Public_Authority | T23: html | U23: Norwegian Ministry of Trade, Industry and Fisheries | V23: Norway | W23: Norwegian | Z23: Public authority | AA23: Regulation | AB23: Primary normative | AC23: Official regulation issued by Norwegian Ministry of Trade, Industry and Fisheries; included because it may impose binding requirements on an in-scope aquaculture asset, activity, permit or certification. | AD23: HIGH | AE23: MEDIUM | AF23: HIGH | AG23: HIGH | AH23: HIGH | AI23: HIGH | AJ23: PENDING | AM23: CURRENT | AO23: Official expansion from Fiskeridirektoratet's aquaculture regulation index; conditional on species and permit type. | AP23: OFFICIAL_WEBSITE | AQ23: OFFICIAL_ORIGINAL | AR23: ROLLING
A24: PA022 | B24: PA022-001 | C24: PA022-001_Regulation_on_technical_standards_for_land-based_aquaculture_facilities_for_fish.html | D24: STORED | E24: =IF(A24="","",IF(OR(AJ24="EXCLUDE",COUNTIF(AD24:AH24,"LOW")>0),"EXCLUDE",IF(OR(AJ24<>"INCLUDE",F24<>"SUCCESS",D24<>"STORED",U24="",AP24="",AQ24="",AQ24="UNVERIFIED",AND(AP24="OFFICIAL_WEBSITE",Q24=""),AND(OR(AA24="Equipment manual / OEM instruction",AB24="Asset-specific normative"),OR(Z24<>"Manufacturer / supplier",AS24="",AC24=""))),"PENDING",IF(COUNTIF(AD24:AH24,"HIGH")=5,"INCLUDE","PENDING")))) | F24: SUCCESS | G24: 46262.531 | H24: 46262.531 | I24: INITIAL | J24: AUTO | K24: =IF(A24="","",IF(J24="AUTO",H24,IF(J24="MANUAL",AK24,""))) | L24: NONE | N24: =IF(A24="","",IF(COUNTIFS('Human Operation Desktop'!$A$3:$A$502,A24,'Human Operation Desktop'!$I$3:$I$502,"<>APPLIED",'Human Operation Desktop'!$I$3:$I$502,"<>REJECTED")>0,"YES","NO")) | O24: 2ab1905061a870af1b05ec9e1c8536e90157d00d70217305629365e4986c1918 | P24: Regulation on technical standards for land-based aquaculture facilities for fish | Q24: https://lovdata.no/dokument/SF/forskrift/2017-06-19-941 | R24: https://lovdata.no/dokument/SF/forskrift/2017-06-19-941 | S24: A_Public_Authority | T24: html | U24: Norwegian Ministry of Trade, Industry and Fisheries | V24: Norway | W24: Norwegian | Z24: Public authority | AA24: Regulation | AB24: Primary normative | AC24: Official regulation issued by Norwegian Ministry of Trade, Industry and Fisheries; included because it may impose binding requirements on an in-scope aquaculture asset, activity, permit or certification. | AD24: HIGH | AE24: MEDIUM | AF24: HIGH | AG24: HIGH | AH24: HIGH | AI24: HIGH | AJ24: PENDING | AM24: CURRENT | AO24: Official expansion. Include only for land-based facilities. | AP24: OFFICIAL_WEBSITE | AQ24: OFFICIAL_ORIGINAL | AR24: ROLLING
A25: PA023 | B25: PA023-001 | C25: PA023-001_Nature_Diversity_Act.html | D25: STORED | E25: =IF(A25="","",IF(OR(AJ25="EXCLUDE",COUNTIF(AD25:AH25,"LOW")>0),"EXCLUDE",IF(OR(AJ25<>"INCLUDE",F25<>"SUCCESS",D25<>"STORED",U25="",AP25="",AQ25="",AQ25="UNVERIFIED",AND(AP25="OFFICIAL_WEBSITE",Q25=""),AND(OR(AA25="Equipment manual / OEM instruction",AB25="Asset-specific normative"),OR(Z25<>"Manufacturer / supplier",AS25="",AC25=""))),"PENDING",IF(COUNTIF(AD25:AH25,"HIGH")=5,"INCLUDE","PENDING")))) | F25: SUCCESS | G25: 46262.531 | H25: 46262.531 | I25: INITIAL | J25: AUTO | K25: =IF(A25="","",IF(J25="AUTO",H25,IF(J25="MANUAL",AK25,""))) | L25: NONE | N25: =IF(A25="","",IF(COUNTIFS('Human Operation Desktop'!$A$3:$A$502,A25,'Human Operation Desktop'!$I$3:$I$502,"<>APPLIED",'Human Operation Desktop'!$I$3:$I$502,"<>REJECTED")>0,"YES","NO")) | O25: 3eb19d6be728a20e51a80ac13993de88c500c707580fa4b5eed19495d4871042 | P25: Nature Diversity Act | Q25: https://lovdata.no/dokument/NL/lov/2009-06-19-100 | R25: https://lovdata.no/dokument/NL/lov/2009-06-19-100 | S25: A_Public_Authority | T25: html | U25: Norwegian Ministry of Climate and Environment | V25: Norway | W25: Norwegian | Z25: Public authority | AA25: Law | AB25: Referenced normative | AC25: Official referenced source from Norwegian Ministry of Climate and Environment; included because an applicable law, permit or certification scheme may make its provisions binding within the approved scope. | AD25: HIGH | AE25: HIGH | AF25: HIGH | AG25: HIGH | AH25: HIGH | AI25: HIGH | AJ25: INCLUDE | AM25: CURRENT | AO25: Official expansion from environmental authority guidance; often relevant to permitting decisions and environmental assessment. | AP25: OFFICIAL_WEBSITE | AQ25: OFFICIAL_ORIGINAL | AR25: ROLLING
A26: PA024 | B26: PA024-001 | C26: PA024-001_Fiskeridirektoratet_guidance_to_NYTEK23.html | D26: STORED | E26: =IF(A26="","",IF(OR(AJ26="EXCLUDE",COUNTIF(AD26:AH26,"LOW")>0),"EXCLUDE",IF(OR(AJ26<>"INCLUDE",F26<>"SUCCESS",D26<>"STORED",U26="",AP26="",AQ26="",AQ26="UNVERIFIED",AND(AP26="OFFICIAL_WEBSITE",Q26=""),AND(OR(AA26="Equipment manual / OEM instruction",AB26="Asset-specific normative"),OR(Z26<>"Manufacturer / supplier",AS26="",AC26=""))),"PENDING",IF(COUNTIF(AD26:AH26,"HIGH")=5,"INCLUDE","PENDING")))) | F26: SUCCESS | G26: 46262.531 | H26: 46262.531 | I26: INITIAL | J26: AUTO | K26: =IF(A26="","",IF(J26="AUTO",H26,IF(J26="MANUAL",AK26,""))) | L26: NONE | N26: =IF(A26="","",IF(COUNTIFS('Human Operation Desktop'!$A$3:$A$502,A26,'Human Operation Desktop'!$I$3:$I$502,"<>APPLIED",'Human Operation Desktop'!$I$3:$I$502,"<>REJECTED")>0,"YES","NO")) | O26: e331c25d9cf82bf550a1e76076c3ad72ef36a37c8f04ca6b17d52d556753c375 | P26: Fiskeridirektoratet guidance to NYTEK23 | Q26: https://www.fiskeridir.no/akvakultur/veiledere/veileder-til-nytek23 | R26: https://www.fiskeridir.no/akvakultur/veiledere/veileder-til-nytek23 | S26: A_Public_Authority | T26: html | U26: Norwegian Directorate of Fisheries | V26: Norway | W26: Norwegian | Z26: Public authority | AA26: Interpretation document | AB26: Guidance / interpretation | AC26: Official guidance from Norwegian Directorate of Fisheries; included to interpret and operationalise linked normative requirements, not as independent legal or certification authority. | AD26: HIGH | AE26: HIGH | AF26: HIGH | AG26: HIGH | AH26: HIGH | AI26: HIGH | AJ26: INCLUDE | AM26: CURRENT | AN26: PA004 | AO26: Official guidance. It supports interpretation but does not replace PA004 or referenced standards. | AP26: OFFICIAL_WEBSITE | AQ26: OFFICIAL_ORIGINAL | AR26: ROLLING
A27: PA025 | B27: PA025-001 | C27: PA025-001_Guidance_on_holistic_risk_management_in_aquaculture.html | D27: STORED | E27: =IF(A27="","",IF(OR(AJ27="EXCLUDE",COUNTIF(AD27:AH27,"LOW")>0),"EXCLUDE",IF(OR(AJ27<>"INCLUDE",F27<>"SUCCESS",D27<>"STORED",U27="",AP27="",AQ27="",AQ27="UNVERIFIED",AND(AP27="OFFICIAL_WEBSITE",Q27=""),AND(OR(AA27="Equipment manual / OEM instruction",AB27="Asset-specific normative"),OR(Z27<>"Manufacturer / supplier",AS27="",AC27=""))),"PENDING",IF(COUNTIF(AD27:AH27,"HIGH")=5,"INCLUDE","PENDING")))) | F27: SUCCESS | G27: 46262.531 | H27: 46262.531 | I27: INITIAL | J27: AUTO | K27: =IF(A27="","",IF(J27="AUTO",H27,IF(J27="MANUAL",AK27,""))) | L27: NONE | N27: =IF(A27="","",IF(COUNTIFS('Human Operation Desktop'!$A$3:$A$502,A27,'Human Operation Desktop'!$I$3:$I$502,"<>APPLIED",'Human Operation Desktop'!$I$3:$I$502,"<>REJECTED")>0,"YES","NO")) | O27: 6b02f98209cd66f8d09b279dd0ba86c8cf84324e5d65599ca0c476490d10c801 | P27: Guidance on holistic risk management in aquaculture | Q27: https://www.fiskeridir.no/akvakultur/veiledere/veileder-helhetlig-risikostyring-innen-akvakultur | R27: https://www.fiskeridir.no/akvakultur/veiledere/veileder-helhetlig-risikostyring-innen-akvakultur | S27: A_Public_Authority | T27: html | U27: Norwegian Directorate of Fisheries | V27: Norway | W27: Norwegian | Z27: Public authority | AA27: Interpretation document | AB27: Guidance / interpretation | AC27: Official guidance from Norwegian Directorate of Fisheries; included to interpret and operationalise linked normative requirements, not as independent legal or certification authority. | AD27: HIGH | AE27: HIGH | AF27: HIGH | AG27: HIGH | AH27: HIGH | AI27: HIGH | AJ27: INCLUDE | AM27: CURRENT | AN27: PA016 | AO27: Official expansion source map. Useful for discovery and interpretation; not independently normative. | AP27: OFFICIAL_WEBSITE | AQ27: OFFICIAL_ORIGINAL | AR27: ROLLING
A28: PA026 | B28: PA026-001 | C28: PA026-001_Environmental_authority_guidance_on_aquaculture_pollution_management.html | D28: STORED | E28: =IF(A28="","",IF(OR(AJ28="EXCLUDE",COUNTIF(AD28:AH28,"LOW")>0),"EXCLUDE",IF(OR(AJ28<>"INCLUDE",F28<>"SUCCESS",D28<>"STORED",U28="",AP28="",AQ28="",AQ28="UNVERIFIED",AND(AP28="OFFICIAL_WEBSITE",Q28=""),AND(OR(AA28="Equipment manual / OEM instruction",AB28="Asset-specific normative"),OR(Z28<>"Manufacturer / supplier",AS28="",AC28=""))),"PENDING",IF(COUNTIF(AD28:AH28,"HIGH")=5,"INCLUDE","PENDING")))) | F28: SUCCESS | G28: 46262.531 | H28: 46262.531 | I28: INITIAL | J28: AUTO | K28: =IF(A28="","",IF(J28="AUTO",H28,IF(J28="MANUAL",AK28,""))) | L28: NONE | N28: =IF(A28="","",IF(COUNTIFS('Human Operation Desktop'!$A$3:$A$502,A28,'Human Operation Desktop'!$I$3:$I$502,"<>APPLIED",'Human Operation Desktop'!$I$3:$I$502,"<>REJECTED")>0,"YES","NO")) | O28: b21a5486fb976b28eaab6a693a453e5e39ccf551e5b0fe3dbfc376f923b028a1 | P28: Environmental authority guidance on aquaculture pollution management | Q28: https://www.miljodirektoratet.no/ansvarsomrader/forurensning/akvakultur/akvakultur-forvaltning/ | R28: https://www.miljodirektoratet.no/ansvarsomrader/forurensning/akvakultur/akvakultur-forvaltning/ | S28: A_Public_Authority | T28: html | U28: Norwegian Environment Agency | V28: Norway | W28: Norwegian | Z28: Public authority | AA28: Interpretation document | AB28: Guidance / interpretation | AC28: Official guidance from Norwegian Environment Agency; included to interpret and operationalise linked normative requirements, not as independent legal or certification authority. | AD28: HIGH | AE28: HIGH | AF28: HIGH | AG28: HIGH | AH28: HIGH | AI28: HIGH | AJ28: INCLUDE | AM28: CURRENT | AN28: PA007 | AO28: Official expansion. Identifies pollution-law, permit and monitoring relationships. | AP28: OFFICIAL_WEBSITE | AQ28: OFFICIAL_ORIGINAL | AR28: ROLLING
A29: PA027 | B29: PA027-001 | C29: PA027-001_Mattilsynet_fish_welfare_guidance_hub.html | D29: STORED | E29: =IF(A29="","",IF(OR(AJ29="EXCLUDE",COUNTIF(AD29:AH29,"LOW")>0),"EXCLUDE",IF(OR(AJ29<>"INCLUDE",F29<>"SUCCESS",D29<>"STORED",U29="",AP29="",AQ29="",AQ29="UNVERIFIED",AND(AP29="OFFICIAL_WEBSITE",Q29=""),AND(OR(AA29="Equipment manual / OEM instruction",AB29="Asset-specific normative"),OR(Z29<>"Manufacturer / supplier",AS29="",AC29=""))),"PENDING",IF(COUNTIF(AD29:AH29,"HIGH")=5,"INCLUDE","PENDING")))) | F29: SUCCESS | G29: 46262.531 | H29: 46262.531 | I29: INITIAL | J29: AUTO | K29: =IF(A29="","",IF(J29="AUTO",H29,IF(J29="MANUAL",AK29,""))) | L29: NONE | N29: =IF(A29="","",IF(COUNTIFS('Human Operation Desktop'!$A$3:$A$502,A29,'Human Operation Desktop'!$I$3:$I$502,"<>APPLIED",'Human Operation Desktop'!$I$3:$I$502,"<>REJECTED")>0,"YES","NO")) | O29: 32a13fc92400f9d3afede91b9772367087a32fcd4bb72541cf576b4f2367e4dd | P29: Mattilsynet fish welfare guidance hub | Q29: https://www.mattilsynet.no/fisk-og-akvakultur/fiskevelferd | R29: https://www.mattilsynet.no/fisk-og-akvakultur/fiskevelferd | S29: A_Public_Authority | T29: html | U29: Norwegian Food Safety Authority | V29: Norway | W29: Norwegian | Z29: Public authority | AA29: Interpretation document | AB29: Guidance / interpretation | AC29: Official guidance from Norwegian Food Safety Authority; included to interpret and operationalise linked normative requirements, not as independent legal or certification authority. | AD29: HIGH | AE29: HIGH | AF29: HIGH | AG29: HIGH | AH29: HIGH | AI29: HIGH | AJ29: INCLUDE | AM29: CURRENT | AN29: PA005 | AO29: Official expansion hub. Child guidance pages may later become separate sources when directly applicable. | AP29: OFFICIAL_WEBSITE | AQ29: OFFICIAL_ORIGINAL | AR29: ROLLING
A30: PA028 | B30: PA028-001 | C30: PA028-001_Norwegian_Aquaculture_Register.html | D30: STORED | E30: =IF(A30="","",IF(OR(AJ30="EXCLUDE",COUNTIF(AD30:AH30,"LOW")>0),"EXCLUDE",IF(OR(AJ30<>"INCLUDE",F30<>"SUCCESS",D30<>"STORED",U30="",AP30="",AQ30="",AQ30="UNVERIFIED",AND(AP30="OFFICIAL_WEBSITE",Q30=""),AND(OR(AA30="Equipment manual / OEM instruction",AB30="Asset-specific normative"),OR(Z30<>"Manufacturer / supplier",AS30="",AC30=""))),"PENDING",IF(COUNTIF(AD30:AH30,"HIGH")=5,"INCLUDE","PENDING")))) | F30: SUCCESS | G30: 46262.531 | H30: 46262.531 | I30: INITIAL | J30: AUTO | K30: =IF(A30="","",IF(J30="AUTO",H30,IF(J30="MANUAL",AK30,""))) | L30: NONE | N30: =IF(A30="","",IF(COUNTIFS('Human Operation Desktop'!$A$3:$A$502,A30,'Human Operation Desktop'!$I$3:$I$502,"<>APPLIED",'Human Operation Desktop'!$I$3:$I$502,"<>REJECTED")>0,"YES","NO")) | O30: e4b0fe39d80e5dff689ac77b143523e86d5c40228f73405a6c9171ee40462790 | P30: Norwegian Aquaculture Register | Q30: https://www.fiskeridir.no/registre/akvakulturregisteret | R30: https://www.fiskeridir.no/registre/akvakulturregisteret | S30: A_Public_Authority | T30: html | U30: Norwegian Directorate of Fisheries | V30: Norway | W30: Norwegian | Z30: Public authority | AA30: Other | AB30: Context / evidence | AC30: Official context source from Norwegian Directorate of Fisheries; included for applicability, site identity or source discovery, not for generating standalone requirements. | AD30: HIGH | AE30: MEDIUM | AF30: HIGH | AG30: HIGH | AH30: HIGH | AI30: HIGH | AJ30: PENDING | AM30: CURRENT | AN30: PA032 | AO30: Official expansion. Applicability and site identity source, not a primary source of normative text. | AP30: OFFICIAL_WEBSITE | AQ30: OFFICIAL_ORIGINAL | AR30: ROLLING
A31: PA029 | B31: PA029-001 | C31: PA029-001_Yggdrasil_map_of_Norwegian_aquaculture_localities.html | D31: NOT_COLLECTED | E31: =IF(A31="","",IF(OR(AJ31="EXCLUDE",COUNTIF(AD31:AH31,"LOW")>0),"EXCLUDE",IF(OR(AJ31<>"INCLUDE",F31<>"SUCCESS",D31<>"STORED",U31="",AP31="",AQ31="",AQ31="UNVERIFIED",AND(AP31="OFFICIAL_WEBSITE",Q31=""),AND(OR(AA31="Equipment manual / OEM instruction",AB31="Asset-specific normative"),OR(Z31<>"Manufacturer / supplier",AS31="",AC31=""))),"PENDING",IF(COUNTIF(AD31:AH31,"HIGH")=5,"INCLUDE","PENDING")))) | F31: FAIL | G31: 46262.531 | I31: UNKNOWN | J31: NONE | K31: =IF(A31="","",IF(J31="AUTO",H31,IF(J31="MANUAL",AK31,""))) | L31: CONTENT | M31: HTML readable body text is too short; the response may be a redirect or error page. | N31: =IF(A31="","",IF(COUNTIFS('Human Operation Desktop'!$A$3:$A$502,A31,'Human Operation Desktop'!$I$3:$I$502,"<>APPLIED",'Human Operation Desktop'!$I$3:$I$502,"<>REJECTED")>0,"YES","NO")) | P31: Yggdrasil map of Norwegian aquaculture localities | Q31: https://portal.fiskeridir.no/akva | R31: https://portal.fiskeridir.no/akva | S31: A_Public_Authority | T31: html | U31: Norwegian Directorate of Fisheries | V31: Norway | W31: Norwegian | Z31: Public authority | AA31: Other | AB31: Context / evidence | AC31: Official context source from Norwegian Directorate of Fisheries; included for applicability, site identity or source discovery, not for generating standalone requirements. | AD31: HIGH | AE31: LOW | AF31: HIGH | AG31: HIGH | AH31: HIGH | AI31: HIGH | AJ31: EXCLUDE | AK31: 46265 | AL31: Jay | AM31: WITHDRAWN | AN31: PA001 | AO31: Human review 2026-08-31: Yggdrasil is an interactive aquaculture map and geospatial context source, not a legal, regulatory, standards or guidance source from which Requirements should be derived. Withdrawn from the active Requirement source set. It may be managed later in a separate site/context evidence registry. | AP31: OFFICIAL_WEBSITE | AQ31: OFFICIAL_ORIGINAL | AR31: ROLLING
A32: PA030 | B32: PA030-001 | C32: PA030-001_Regulation_on_special_requirements_for_aquaculture-related_activities_in_or_near_national_salmon_rivers_and_fjords.html | D32: STORED | E32: =IF(A32="","",IF(OR(AJ32="EXCLUDE",COUNTIF(AD32:AH32,"LOW")>0),"EXCLUDE",IF(OR(AJ32<>"INCLUDE",F32<>"SUCCESS",D32<>"STORED",U32="",AP32="",AQ32="",AQ32="UNVERIFIED",AND(AP32="OFFICIAL_WEBSITE",Q32=""),AND(OR(AA32="Equipment manual / OEM instruction",AB32="Asset-specific normative"),OR(Z32<>"Manufacturer / supplier",AS32="",AC32=""))),"PENDING",IF(COUNTIF(AD32:AH32,"HIGH")=5,"INCLUDE","PENDING")))) | F32: SUCCESS | G32: 46262.531 | H32: 46262.531 | I32: INITIAL | J32: AUTO | K32: =IF(A32="","",IF(J32="AUTO",H32,IF(J32="MANUAL",AK32,""))) | L32: NONE | N32: =IF(A32="","",IF(COUNTIFS('Human Operation Desktop'!$A$3:$A$502,A32,'Human Operation Desktop'!$I$3:$I$502,"<>APPLIED",'Human Operation Desktop'!$I$3:$I$502,"<>REJECTED")>0,"YES","NO")) | O32: f3e632fdd118f679d3cba93120bdcaf4ab74fef6abca29992ae4b808287ec422 | P32: Regulation on special requirements for aquaculture-related activities in or near national salmon rivers and fjords | Q32: https://lovdata.no/dokument/SF/forskrift/2009-06-22-961 | R32: https://lovdata.no/dokument/SF/forskrift/2009-06-22-961 | S32: A_Public_Authority | T32: html | U32: Norwegian Ministry of Trade, Industry and Fisheries | V32: Norway | W32: Norwegian | Z32: Public authority | AA32: Regulation | AB32: Primary normative | AC32: Official regulation issued by Norwegian Ministry of Trade, Industry and Fisheries; included because it may impose binding requirements on an in-scope aquaculture asset, activity, permit or certification. | AD32: HIGH | AE32: MEDIUM | AF32: HIGH | AG32: HIGH | AH32: HIGH | AI32: HIGH | AJ32: PENDING | AM32: CURRENT | AO32: Official expansion from the aquaculture regulation index. Site-specific applicability must be established. | AP32: OFFICIAL_WEBSITE | AQ32: OFFICIAL_ORIGINAL | AR32: ROLLING
A33: PA031 | B33: PA031-001 | C33: PA031-001_Regulation_on_joint_responsibility_for_removal_of_escaped_farmed_fish.html | D33: STORED | E33: =IF(A33="","",IF(OR(AJ33="EXCLUDE",COUNTIF(AD33:AH33,"LOW")>0),"EXCLUDE",IF(OR(AJ33<>"INCLUDE",F33<>"SUCCESS",D33<>"STORED",U33="",AP33="",AQ33="",AQ33="UNVERIFIED",AND(AP33="OFFICIAL_WEBSITE",Q33=""),AND(OR(AA33="Equipment manual / OEM instruction",AB33="Asset-specific normative"),OR(Z33<>"Manufacturer / supplier",AS33="",AC33=""))),"PENDING",IF(COUNTIF(AD33:AH33,"HIGH")=5,"INCLUDE","PENDING")))) | F33: SUCCESS | G33: 46262.531 | H33: 46262.531 | I33: INITIAL | J33: AUTO | K33: =IF(A33="","",IF(J33="AUTO",H33,IF(J33="MANUAL",AK33,""))) | L33: NONE | N33: =IF(A33="","",IF(COUNTIFS('Human Operation Desktop'!$A$3:$A$502,A33,'Human Operation Desktop'!$I$3:$I$502,"<>APPLIED",'Human Operation Desktop'!$I$3:$I$502,"<>REJECTED")>0,"YES","NO")) | O33: e792a6f90a4e6601a323dcde19ea09b0af31c58b7a4e42c6eaff75dfa5e79e95 | P33: Regulation on joint responsibility for removal of escaped farmed fish | Q33: https://lovdata.no/dokument/SF/forskrift/2015-02-05-89 | R33: https://lovdata.no/dokument/SF/forskrift/2015-02-05-89 | S33: A_Public_Authority | T33: html | U33: Norwegian Ministry of Trade, Industry and Fisheries | V33: Norway | W33: Norwegian | Z33: Public authority | AA33: Regulation | AB33: Primary normative | AC33: Official regulation issued by Norwegian Ministry of Trade, Industry and Fisheries; included because it may impose binding requirements on an in-scope aquaculture asset, activity, permit or certification. | AD33: HIGH | AE33: HIGH | AF33: HIGH | AG33: HIGH | AH33: HIGH | AI33: HIGH | AJ33: INCLUDE | AM33: CURRENT | AO33: Official expansion. Applies to holders of relevant salmon, trout and rainbow-trout permits. | AP33: OFFICIAL_WEBSITE | AQ33: OFFICIAL_ORIGINAL | AR33: ROLLING
A34: PA032 | B34: PA032-001 | C34: PA032-001_Regulation_on_the_Aquaculture_Register.html | D34: STORED | E34: =IF(A34="","",IF(OR(AJ34="EXCLUDE",COUNTIF(AD34:AH34,"LOW")>0),"EXCLUDE",IF(OR(AJ34<>"INCLUDE",F34<>"SUCCESS",D34<>"STORED",U34="",AP34="",AQ34="",AQ34="UNVERIFIED",AND(AP34="OFFICIAL_WEBSITE",Q34=""),AND(OR(AA34="Equipment manual / OEM instruction",AB34="Asset-specific normative"),OR(Z34<>"Manufacturer / supplier",AS34="",AC34=""))),"PENDING",IF(COUNTIF(AD34:AH34,"HIGH")=5,"INCLUDE","PENDING")))) | F34: SUCCESS | G34: 46262.531 | H34: 46262.531 | I34: INITIAL | J34: AUTO | K34: =IF(A34="","",IF(J34="AUTO",H34,IF(J34="MANUAL",AK34,""))) | L34: NONE | N34: =IF(A34="","",IF(COUNTIFS('Human Operation Desktop'!$A$3:$A$502,A34,'Human Operation Desktop'!$I$3:$I$502,"<>APPLIED",'Human Operation Desktop'!$I$3:$I$502,"<>REJECTED")>0,"YES","NO")) | O34: 29b6b73125d703fc809475418ceff449203a6f024d8d91709c2cd32c3aba6e37 | P34: Regulation on the Aquaculture Register | Q34: https://lovdata.no/dokument/SF/forskrift/2005-12-28-1706 | R34: https://lovdata.no/dokument/SF/forskrift/2005-12-28-1706 | S34: A_Public_Authority | T34: html | U34: Norwegian Ministry of Trade, Industry and Fisheries | V34: Norway | W34: Norwegian | Z34: Public authority | AA34: Regulation | AB34: Referenced normative | AC34: Official referenced source from Norwegian Ministry of Trade, Industry and Fisheries; included because an applicable law, permit or certification scheme may make its provisions binding within the approved scope. | AD34: HIGH | AE34: HIGH | AF34: HIGH | AG34: HIGH | AH34: HIGH | AI34: HIGH | AJ34: INCLUDE | AM34: CURRENT | AO34: Official expansion. Relevant to registration and traceability; operational applicability requires review. | AP34: OFFICIAL_WEBSITE | AQ34: OFFICIAL_ORIGINAL | AR34: ROLLING
A35: PA033 | B35: PA033-001 | C35: PA033-001_Regulation_on_catch-based_aquaculture.html | D35: STORED | E35: =IF(A35="","",IF(OR(AJ35="EXCLUDE",COUNTIF(AD35:AH35,"LOW")>0),"EXCLUDE",IF(OR(AJ35<>"INCLUDE",F35<>"SUCCESS",D35<>"STORED",U35="",AP35="",AQ35="",AQ35="UNVERIFIED",AND(AP35="OFFICIAL_WEBSITE",Q35=""),AND(OR(AA35="Equipment manual / OEM instruction",AB35="Asset-specific normative"),OR(Z35<>"Manufacturer / supplier",AS35="",AC35=""))),"PENDING",IF(COUNTIF(AD35:AH35,"HIGH")=5,"INCLUDE","PENDING")))) | F35: SUCCESS | G35: 46262.531 | H35: 46262.531 | I35: INITIAL | J35: AUTO | K35: =IF(A35="","",IF(J35="AUTO",H35,IF(J35="MANUAL",AK35,""))) | L35: NONE | N35: =IF(A35="","",IF(COUNTIFS('Human Operation Desktop'!$A$3:$A$502,A35,'Human Operation Desktop'!$I$3:$I$502,"<>APPLIED",'Human Operation Desktop'!$I$3:$I$502,"<>REJECTED")>0,"YES","NO")) | O35: 8e117c5d5d5017180a13f307c48ebc4833af52f1359012d6a4f7c713c2e5ef56 | P35: Regulation on catch-based aquaculture | Q35: https://lovdata.no/dokument/SF/forskrift/2014-12-15-1831 | R35: https://lovdata.no/dokument/SF/forskrift/2014-12-15-1831 | S35: A_Public_Authority | T35: html | U35: Norwegian Ministry of Trade, Industry and Fisheries | V35: Norway | W35: Norwegian | Z35: Public authority | AA35: Regulation | AB35: Primary normative | AC35: Official regulation issued by Norwegian Ministry of Trade, Industry and Fisheries; included because it may impose binding requirements on an in-scope aquaculture asset, activity, permit or certification. | AD35: HIGH | AE35: MEDIUM | AF35: HIGH | AG35: HIGH | AH35: HIGH | AI35: HIGH | AJ35: PENDING | AM35: CURRENT | AO35: Official coverage expansion from the aquaculture regulation index. Include only for catch-based aquaculture activities. | AP35: OFFICIAL_WEBSITE | AQ35: OFFICIAL_ORIGINAL | AR35: ROLLING
A36: PA034 | B36: PA034-001 | C36: PA034-001_Regulation_on_coordination_and_time_limits_for_processing_aquaculture_applications.html | D36: STORED | E36: =IF(A36="","",IF(OR(AJ36="EXCLUDE",COUNTIF(AD36:AH36,"LOW")>0),"EXCLUDE",IF(OR(AJ36<>"INCLUDE",F36<>"SUCCESS",D36<>"STORED",U36="",AP36="",AQ36="",AQ36="UNVERIFIED",AND(AP36="OFFICIAL_WEBSITE",Q36=""),AND(OR(AA36="Equipment manual / OEM instruction",AB36="Asset-specific normative"),OR(Z36<>"Manufacturer / supplier",AS36="",AC36=""))),"PENDING",IF(COUNTIF(AD36:AH36,"HIGH")=5,"INCLUDE","PENDING")))) | F36: SUCCESS | G36: 46262.531 | H36: 46262.531 | I36: INITIAL | J36: AUTO | K36: =IF(A36="","",IF(J36="AUTO",H36,IF(J36="MANUAL",AK36,""))) | L36: NONE | N36: =IF(A36="","",IF(COUNTIFS('Human Operation Desktop'!$A$3:$A$502,A36,'Human Operation Desktop'!$I$3:$I$502,"<>APPLIED",'Human Operation Desktop'!$I$3:$I$502,"<>REJECTED")>0,"YES","NO")) | O36: 70eee18edb0de84ba14e2896f95f987b4e9954af8d586f574bff4f4b255a5e15 | P36: Regulation on coordination and time limits for processing aquaculture applications | Q36: https://lovdata.no/dokument/SF/forskrift/2010-05-18-708 | R36: https://lovdata.no/dokument/SF/forskrift/2010-05-18-708 | S36: A_Public_Authority | T36: html | U36: Norwegian Ministry of Trade, Industry and Fisheries | V36: Norway | W36: Norwegian | Z36: Public authority | AA36: Regulation | AB36: Referenced normative | AC36: Official referenced source from Norwegian Ministry of Trade, Industry and Fisheries; included because an applicable law, permit or certification scheme may make its provisions binding within the approved scope. | AD36: HIGH | AE36: MEDIUM | AF36: HIGH | AG36: HIGH | AH36: HIGH | AI36: HIGH | AJ36: PENDING | AM36: CURRENT | AO36: Official coverage expansion. Relevant to permitting workflow rather than routine operational controls. | AP36: OFFICIAL_WEBSITE | AQ36: OFFICIAL_ORIGINAL | AR36: ROLLING
A37: PA035 | B37: PA035-001 | C37: PA035-001_Regulation_on_reactions_for_violations_of_the_Aquaculture_Act.html | D37: STORED | E37: =IF(A37="","",IF(OR(AJ37="EXCLUDE",COUNTIF(AD37:AH37,"LOW")>0),"EXCLUDE",IF(OR(AJ37<>"INCLUDE",F37<>"SUCCESS",D37<>"STORED",U37="",AP37="",AQ37="",AQ37="UNVERIFIED",AND(AP37="OFFICIAL_WEBSITE",Q37=""),AND(OR(AA37="Equipment manual / OEM instruction",AB37="Asset-specific normative"),OR(Z37<>"Manufacturer / supplier",AS37="",AC37=""))),"PENDING",IF(COUNTIF(AD37:AH37,"HIGH")=5,"INCLUDE","PENDING")))) | F37: SUCCESS | G37: 46262.531 | H37: 46262.531 | I37: INITIAL | J37: AUTO | K37: =IF(A37="","",IF(J37="AUTO",H37,IF(J37="MANUAL",AK37,""))) | L37: NONE | N37: =IF(A37="","",IF(COUNTIFS('Human Operation Desktop'!$A$3:$A$502,A37,'Human Operation Desktop'!$I$3:$I$502,"<>APPLIED",'Human Operation Desktop'!$I$3:$I$502,"<>REJECTED")>0,"YES","NO")) | O37: 9352c1d1b3caebc263c4086816b4f894e69d3aa424bbf97b364e14838ed589b6 | P37: Regulation on reactions for violations of the Aquaculture Act | Q37: https://lovdata.no/dokument/SF/forskrift/2013-12-20-1675 | R37: https://lovdata.no/dokument/SF/forskrift/2013-12-20-1675 | S37: A_Public_Authority | T37: html | U37: Norwegian Ministry of Trade, Industry and Fisheries | V37: Norway | W37: Norwegian | Z37: Public authority | AA37: Regulation | AB37: Referenced normative | AC37: Official referenced source from Norwegian Ministry of Trade, Industry and Fisheries; included because an applicable law, permit or certification scheme may make its provisions binding within the approved scope. | AD37: HIGH | AE37: MEDIUM | AF37: HIGH | AG37: HIGH | AH37: HIGH | AI37: HIGH | AJ37: PENDING | AM37: CURRENT | AO37: Official coverage expansion. Supports enforcement and consequence mapping; it is not normally the source of the underlying operational duty. | AP37: OFFICIAL_WEBSITE | AQ37: OFFICIAL_ORIGINAL | AR37: ROLLING
A38: PA036 | B38: PA036-001 | C38: PA036-001_Regulation_on_permits_for_aquaculture_of_species_other_than_salmon_trout_and_rainbow_trout.html | D38: STORED | E38: =IF(A38="","",IF(OR(AJ38="EXCLUDE",COUNTIF(AD38:AH38,"LOW")>0),"EXCLUDE",IF(OR(AJ38<>"INCLUDE",F38<>"SUCCESS",D38<>"STORED",U38="",AP38="",AQ38="",AQ38="UNVERIFIED",AND(AP38="OFFICIAL_WEBSITE",Q38=""),AND(OR(AA38="Equipment manual / OEM instruction",AB38="Asset-specific normative"),OR(Z38<>"Manufacturer / supplier",AS38="",AC38=""))),"PENDING",IF(COUNTIF(AD38:AH38,"HIGH")=5,"INCLUDE","PENDING")))) | F38: SUCCESS | G38: 46262.531 | H38: 46262.531 | I38: INITIAL | J38: AUTO | K38: =IF(A38="","",IF(J38="AUTO",H38,IF(J38="MANUAL",AK38,""))) | L38: NONE | N38: =IF(A38="","",IF(COUNTIFS('Human Operation Desktop'!$A$3:$A$502,A38,'Human Operation Desktop'!$I$3:$I$502,"<>APPLIED",'Human Operation Desktop'!$I$3:$I$502,"<>REJECTED")>0,"YES","NO")) | O38: 18985a26548697f2ebe542f42a5ef6469c6f9c99a8dc35dedaa8d171c4d2b027 | P38: Regulation on permits for aquaculture of species other than salmon, trout and rainbow trout | Q38: https://lovdata.no/dokument/SF/forskrift/2004-12-22-1799 | R38: https://lovdata.no/dokument/SF/forskrift/2004-12-22-1799 | S38: A_Public_Authority | T38: html | U38: Norwegian Ministry of Trade, Industry and Fisheries | V38: Norway | W38: Norwegian | Z38: Public authority | AA38: Regulation | AB38: Primary normative | AC38: Official regulation issued by Norwegian Ministry of Trade, Industry and Fisheries; included because it may impose binding requirements on an in-scope aquaculture asset, activity, permit or certification. | AD38: HIGH | AE38: MEDIUM | AF38: HIGH | AG38: HIGH | AH38: HIGH | AI38: HIGH | AJ38: PENDING | AM38: CURRENT | AO38: Official coverage expansion. Include only when other species are within the approved scope. | AP38: OFFICIAL_WEBSITE | AQ38: OFFICIAL_ORIGINAL | AR38: ROLLING
A39: PA037 | B39: PA037-001 | C39: PA037-001_Regulation_on_fees_and_charges_relating_to_aquaculture_activities.html | D39: STORED | E39: =IF(A39="","",IF(OR(AJ39="EXCLUDE",COUNTIF(AD39:AH39,"LOW")>0),"EXCLUDE",IF(OR(AJ39<>"INCLUDE",F39<>"SUCCESS",D39<>"STORED",U39="",AP39="",AQ39="",AQ39="UNVERIFIED",AND(AP39="OFFICIAL_WEBSITE",Q39=""),AND(OR(AA39="Equipment manual / OEM instruction",AB39="Asset-specific normative"),OR(Z39<>"Manufacturer / supplier",AS39="",AC39=""))),"PENDING",IF(COUNTIF(AD39:AH39,"HIGH")=5,"INCLUDE","PENDING")))) | F39: SUCCESS | G39: 46262.531 | H39: 46262.531 | I39: INITIAL | J39: AUTO | K39: =IF(A39="","",IF(J39="AUTO",H39,IF(J39="MANUAL",AK39,""))) | L39: NONE | N39: =IF(A39="","",IF(COUNTIFS('Human Operation Desktop'!$A$3:$A$502,A39,'Human Operation Desktop'!$I$3:$I$502,"<>APPLIED",'Human Operation Desktop'!$I$3:$I$502,"<>REJECTED")>0,"YES","NO")) | O39: cf7e9767f070aa451123bb7477591661c984e767d32002ad03db21e2534d7e45 | P39: Regulation on fees and charges relating to aquaculture activities | Q39: https://lovdata.no/dokument/SF/forskrift/2001-12-21-1597 | R39: https://lovdata.no/dokument/SF/forskrift/2001-12-21-1597 | S39: A_Public_Authority | T39: html | U39: Norwegian Ministry of Trade, Industry and Fisheries | V39: Norway | W39: Norwegian | Z39: Public authority | AA39: Regulation | AB39: Referenced normative | AC39: Official referenced source from Norwegian Ministry of Trade, Industry and Fisheries; included because an applicable law, permit or certification scheme may make its provisions binding within the approved scope. | AD39: HIGH | AE39: MEDIUM | AF39: HIGH | AG39: HIGH | AH39: HIGH | AI39: HIGH | AJ39: PENDING | AM39: CURRENT | AO39: Official coverage expansion. Administrative and financial relevance depends on the permit or application process. | AP39: OFFICIAL_WEBSITE | AQ39: OFFICIAL_ORIGINAL | AR39: ROLLING
A40: PA038 | B40: PA038-001 | C40: PA038-001_Regulation_on_sea_ranching.html | D40: STORED | E40: =IF(A40="","",IF(OR(AJ40="EXCLUDE",COUNTIF(AD40:AH40,"LOW")>0),"EXCLUDE",IF(OR(AJ40<>"INCLUDE",F40<>"SUCCESS",D40<>"STORED",U40="",AP40="",AQ40="",AQ40="UNVERIFIED",AND(AP40="OFFICIAL_WEBSITE",Q40=""),AND(OR(AA40="Equipment manual / OEM instruction",AB40="Asset-specific normative"),OR(Z40<>"Manufacturer / supplier",AS40="",AC40=""))),"PENDING",IF(COUNTIF(AD40:AH40,"HIGH")=5,"INCLUDE","PENDING")))) | F40: SUCCESS | G40: 46262.531 | H40: 46262.531 | I40: INITIAL | J40: AUTO | K40: =IF(A40="","",IF(J40="AUTO",H40,IF(J40="MANUAL",AK40,""))) | L40: NONE | N40: =IF(A40="","",IF(COUNTIFS('Human Operation Desktop'!$A$3:$A$502,A40,'Human Operation Desktop'!$I$3:$I$502,"<>APPLIED",'Human Operation Desktop'!$I$3:$I$502,"<>REJECTED")>0,"YES","NO")) | O40: 94210cefeb809c7317a22a0b026762a996ea8a0fa4981cd5fd9d2966e3f39ae7 | P40: Regulation on sea ranching | Q40: https://lovdata.no/dokument/SF/forskrift/2003-08-28-1110 | R40: https://lovdata.no/dokument/SF/forskrift/2003-08-28-1110 | S40: A_Public_Authority | T40: html | U40: Norwegian Ministry of Trade, Industry and Fisheries | V40: Norway | W40: Norwegian | Z40: Public authority | AA40: Regulation | AB40: Primary normative | AC40: Official regulation issued by Norwegian Ministry of Trade, Industry and Fisheries; included because it may impose binding requirements on an in-scope aquaculture asset, activity, permit or certification. | AD40: HIGH | AE40: MEDIUM | AF40: HIGH | AG40: HIGH | AH40: HIGH | AI40: HIGH | AJ40: PENDING | AM40: CURRENT | AO40: Official coverage expansion. Include only for sea-ranching operations. | AP40: OFFICIAL_WEBSITE | AQ40: OFFICIAL_ORIGINAL | AR40: ROLLING
A41: PA039 | B41: PA039-001 | C41: PA039-001_Animal_Health_Regulation.html | D41: STORED | E41: =IF(A41="","",IF(OR(AJ41="EXCLUDE",COUNTIF(AD41:AH41,"LOW")>0),"EXCLUDE",IF(OR(AJ41<>"INCLUDE",F41<>"SUCCESS",D41<>"STORED",U41="",AP41="",AQ41="",AQ41="UNVERIFIED",AND(AP41="OFFICIAL_WEBSITE",Q41=""),AND(OR(AA41="Equipment manual / OEM instruction",AB41="Asset-specific normative"),OR(Z41<>"Manufacturer / supplier",AS41="",AC41=""))),"PENDING",IF(COUNTIF(AD41:AH41,"HIGH")=5,"INCLUDE","PENDING")))) | F41: SUCCESS | G41: 46262.531 | H41: 46262.531 | I41: INITIAL | J41: AUTO | K41: =IF(A41="","",IF(J41="AUTO",H41,IF(J41="MANUAL",AK41,""))) | L41: NONE | N41: =IF(A41="","",IF(COUNTIFS('Human Operation Desktop'!$A$3:$A$502,A41,'Human Operation Desktop'!$I$3:$I$502,"<>APPLIED",'Human Operation Desktop'!$I$3:$I$502,"<>REJECTED")>0,"YES","NO")) | O41: 9c505be3af04d8879ed1361628aaa96d5a45cacf20987849139a7636c1d97343 | P41: Animal Health Regulation | Q41: https://lovdata.no/dokument/SF/forskrift/2022-04-06-631 | R41: https://lovdata.no/dokument/SF/forskrift/2022-04-06-631 | S41: A_Public_Authority | T41: html | U41: Norwegian Ministry of Agriculture and Food | V41: Norway | W41: Norwegian | Z41: Public authority | AA41: Regulation | AB41: Primary normative | AC41: Official regulation issued by Norwegian Ministry of Agriculture and Food; included because it may impose binding requirements on an in-scope aquaculture asset, activity, permit or certification. | AD41: HIGH | AE41: HIGH | AF41: HIGH | AG41: HIGH | AH41: HIGH | AI41: HIGH | AJ41: INCLUDE | AM41: CURRENT | AN41: PA010 | AO41: Official Norwegian implementation package for the EU Animal Health Law. Confirm species and activity-specific provisions. | AP41: OFFICIAL_WEBSITE | AQ41: OFFICIAL_ORIGINAL | AR41: ROLLING
A42: PA040 | B42: PA040-001 | C42: PA040-001_Aquabiosafety_Regulation.html | D42: STORED | E42: =IF(A42="","",IF(OR(AJ42="EXCLUDE",COUNTIF(AD42:AH42,"LOW")>0),"EXCLUDE",IF(OR(AJ42<>"INCLUDE",F42<>"SUCCESS",D42<>"STORED",U42="",AP42="",AQ42="",AQ42="UNVERIFIED",AND(AP42="OFFICIAL_WEBSITE",Q42=""),AND(OR(AA42="Equipment manual / OEM instruction",AB42="Asset-specific normative"),OR(Z42<>"Manufacturer / supplier",AS42="",AC42=""))),"PENDING",IF(COUNTIF(AD42:AH42,"HIGH")=5,"INCLUDE","PENDING")))) | F42: SUCCESS | G42: 46262.531 | H42: 46262.531 | I42: INITIAL | J42: AUTO | K42: =IF(A42="","",IF(J42="AUTO",H42,IF(J42="MANUAL",AK42,""))) | L42: NONE | N42: =IF(A42="","",IF(COUNTIFS('Human Operation Desktop'!$A$3:$A$502,A42,'Human Operation Desktop'!$I$3:$I$502,"<>APPLIED",'Human Operation Desktop'!$I$3:$I$502,"<>REJECTED")>0,"YES","NO")) | O42: ede876a30d12f3085e1e83584a4c2c3fd16c39afd42a1722c9c6ddd4bdca5bf9 | P42: Aquabiosafety Regulation | Q42: https://lovdata.no/dokument/SF/forskrift/2022-04-05-624 | R42: https://lovdata.no/dokument/SF/forskrift/2022-04-05-624 | S42: A_Public_Authority | T42: html | U42: Norwegian Ministry of Trade, Industry and Fisheries | V42: Norway | W42: Norwegian | Z42: Public authority | AA42: Regulation | AB42: Primary normative | AC42: Official regulation issued by Norwegian Ministry of Trade, Industry and Fisheries; included because it may impose binding requirements on an in-scope aquaculture asset, activity, permit or certification. | AD42: HIGH | AE42: HIGH | AF42: HIGH | AG42: HIGH | AH42: HIGH | AI42: HIGH | AJ42: INCLUDE | AM42: CURRENT | AN42: PA010 | AO42: Official expansion from Mattilsynet's aquaculture biosafety guidance. Core candidate for biosecurity planning and operation. | AP42: OFFICIAL_WEBSITE | AQ42: OFFICIAL_ORIGINAL | AR42: ROLLING
A43: PA041 | B43: PA041-001 | C43: PA041-001_Animal_Health_Surveillance_Regulation.html | D43: STORED | E43: =IF(A43="","",IF(OR(AJ43="EXCLUDE",COUNTIF(AD43:AH43,"LOW")>0),"EXCLUDE",IF(OR(AJ43<>"INCLUDE",F43<>"SUCCESS",D43<>"STORED",U43="",AP43="",AQ43="",AQ43="UNVERIFIED",AND(AP43="OFFICIAL_WEBSITE",Q43=""),AND(OR(AA43="Equipment manual / OEM instruction",AB43="Asset-specific normative"),OR(Z43<>"Manufacturer / supplier",AS43="",AC43=""))),"PENDING",IF(COUNTIF(AD43:AH43,"HIGH")=5,"INCLUDE","PENDING")))) | F43: SUCCESS | G43: 46262.531 | H43: 46262.531 | I43: INITIAL | J43: AUTO | K43: =IF(A43="","",IF(J43="AUTO",H43,IF(J43="MANUAL",AK43,""))) | L43: NONE | N43: =IF(A43="","",IF(COUNTIFS('Human Operation Desktop'!$A$3:$A$502,A43,'Human Operation Desktop'!$I$3:$I$502,"<>APPLIED",'Human Operation Desktop'!$I$3:$I$502,"<>REJECTED")>0,"YES","NO")) | O43: ac4adc7d9df4f75a93328f2fd196b1fb854fcc4696e26c150015ec3b30f6ff65 | P43: Animal Health Surveillance Regulation | Q43: https://lovdata.no/dokument/SF/forskrift/2022-04-06-632 | R43: https://lovdata.no/dokument/SF/forskrift/2022-04-06-632 | S43: A_Public_Authority | T43: html | U43: Norwegian Ministry of Agriculture and Food | V43: Norway | W43: Norwegian | Z43: Public authority | AA43: Regulation | AB43: Primary normative | AC43: Official regulation issued by Norwegian Ministry of Agriculture and Food; included because it may impose binding requirements on an in-scope aquaculture asset, activity, permit or certification. | AD43: HIGH | AE43: HIGH | AF43: HIGH | AG43: HIGH | AH43: HIGH | AI43: HIGH | AJ43: INCLUDE | AM43: CURRENT | AN43: PA010 | AO43: Official Norwegian implementation package for animal-health surveillance. Applicability must be mapped to farm species and status. | AP43: OFFICIAL_WEBSITE | AQ43: OFFICIAL_ORIGINAL | AR43: ROLLING
A44: PA042 | B44: PA042-001 | C44: PA042-001_Animal_Disease_Control_Regulation.html | D44: STORED | E44: =IF(A44="","",IF(OR(AJ44="EXCLUDE",COUNTIF(AD44:AH44,"LOW")>0),"EXCLUDE",IF(OR(AJ44<>"INCLUDE",F44<>"SUCCESS",D44<>"STORED",U44="",AP44="",AQ44="",AQ44="UNVERIFIED",AND(AP44="OFFICIAL_WEBSITE",Q44=""),AND(OR(AA44="Equipment manual / OEM instruction",AB44="Asset-specific normative"),OR(Z44<>"Manufacturer / supplier",AS44="",AC44=""))),"PENDING",IF(COUNTIF(AD44:AH44,"HIGH")=5,"INCLUDE","PENDING")))) | F44: SUCCESS | G44: 46262.531 | H44: 46262.531 | I44: INITIAL | J44: AUTO | K44: =IF(A44="","",IF(J44="AUTO",H44,IF(J44="MANUAL",AK44,""))) | L44: NONE | N44: =IF(A44="","",IF(COUNTIFS('Human Operation Desktop'!$A$3:$A$502,A44,'Human Operation Desktop'!$I$3:$I$502,"<>APPLIED",'Human Operation Desktop'!$I$3:$I$502,"<>REJECTED")>0,"YES","NO")) | O44: 0c5693b8397db63986f66ac880a8fae1ba72a0f02771de366f103d3ee196e2e8 | P44: Animal Disease Control Regulation | Q44: https://lovdata.no/dokument/SF/forskrift/2022-04-06-634 | R44: https://lovdata.no/dokument/SF/forskrift/2022-04-06-634 | S44: A_Public_Authority | T44: html | U44: Norwegian Ministry of Agriculture and Food | V44: Norway | W44: Norwegian | Z44: Public authority | AA44: Regulation | AB44: Primary normative | AC44: Official regulation issued by Norwegian Ministry of Agriculture and Food; included because it may impose binding requirements on an in-scope aquaculture asset, activity, permit or certification. | AD44: HIGH | AE44: HIGH | AF44: HIGH | AG44: HIGH | AH44: HIGH | AI44: HIGH | AJ44: INCLUDE | AM44: CURRENT | AN44: PA010 | AO44: Official Norwegian implementation package for disease control. Requirements are condition-dependent and may be triggered by disease status. | AP44: OFFICIAL_WEBSITE | AQ44: OFFICIAL_ORIGINAL | AR44: ROLLING
A45: PA043 | B45: PA043-001 | C45: PA043-001_Mattilsynet_guidance_on_biosafety_plans_in_aquaculture_facilities.html | D45: STORED | E45: =IF(A45="","",IF(OR(AJ45="EXCLUDE",COUNTIF(AD45:AH45,"LOW")>0),"EXCLUDE",IF(OR(AJ45<>"INCLUDE",F45<>"SUCCESS",D45<>"STORED",U45="",AP45="",AQ45="",AQ45="UNVERIFIED",AND(AP45="OFFICIAL_WEBSITE",Q45=""),AND(OR(AA45="Equipment manual / OEM instruction",AB45="Asset-specific normative"),OR(Z45<>"Manufacturer / supplier",AS45="",AC45=""))),"PENDING",IF(COUNTIF(AD45:AH45,"HIGH")=5,"INCLUDE","PENDING")))) | F45: SUCCESS | G45: 46262.531 | H45: 46262.531 | I45: INITIAL | J45: AUTO | K45: =IF(A45="","",IF(J45="AUTO",H45,IF(J45="MANUAL",AK45,""))) | L45: NONE | N45: =IF(A45="","",IF(COUNTIFS('Human Operation Desktop'!$A$3:$A$502,A45,'Human Operation Desktop'!$I$3:$I$502,"<>APPLIED",'Human Operation Desktop'!$I$3:$I$502,"<>REJECTED")>0,"YES","NO")) | O45: 56101f0aa402aaec3c59774403a0047534b1c05a5cd4541a00e64f5fb52970ad | P45: Mattilsynet guidance on biosafety plans in aquaculture facilities | Q45: https://mattilsynet.no/fisk-og-akvakultur/biosikkerhetsplan-i-akvakulturanlegg | R45: https://mattilsynet.no/fisk-og-akvakultur/biosikkerhetsplan-i-akvakulturanlegg | S45: A_Public_Authority | T45: html | U45: Norwegian Food Safety Authority | V45: Norway | W45: Norwegian | Z45: Public authority | AA45: Interpretation document | AB45: Guidance / interpretation | AC45: Official guidance from Norwegian Food Safety Authority; included to interpret and operationalise linked normative requirements, not as independent legal or certification authority. | AD45: HIGH | AE45: HIGH | AF45: HIGH | AG45: HIGH | AH45: HIGH | AI45: HIGH | AJ45: INCLUDE | AM45: CURRENT | AN45: PA040 | AO45: Official guidance connecting the animal-health implementation package to a practical biosafety plan. It does not replace PA039 to PA042. | AP45: OFFICIAL_WEBSITE | AQ45: OFFICIAL_ORIGINAL | AR45: ROLLING
A46: PA044 | B46: PA044-001 | C46: PA044-001_Pollution_Regulations_including_Chapter_34_on_pollution_from_aquaculture.html | D46: STORED | E46: =IF(A46="","",IF(OR(AJ46="EXCLUDE",COUNTIF(AD46:AH46,"LOW")>0),"EXCLUDE",IF(OR(AJ46<>"INCLUDE",F46<>"SUCCESS",D46<>"STORED",U46="",AP46="",AQ46="",AQ46="UNVERIFIED",AND(AP46="OFFICIAL_WEBSITE",Q46=""),AND(OR(AA46="Equipment manual / OEM instruction",AB46="Asset-specific normative"),OR(Z46<>"Manufacturer / supplier",AS46="",AC46=""))),"PENDING",IF(COUNTIF(AD46:AH46,"HIGH")=5,"INCLUDE","PENDING")))) | F46: SUCCESS | G46: 46262.531 | H46: 46262.531 | I46: INITIAL | J46: AUTO | K46: =IF(A46="","",IF(J46="AUTO",H46,IF(J46="MANUAL",AK46,""))) | L46: NONE | N46: =IF(A46="","",IF(COUNTIFS('Human Operation Desktop'!$A$3:$A$502,A46,'Human Operation Desktop'!$I$3:$I$502,"<>APPLIED",'Human Operation Desktop'!$I$3:$I$502,"<>REJECTED")>0,"YES","NO")) | O46: 64436e3a3f3ade668fd3eaa53ce867914caf1d3a2f972c3bfd8d034b37641848 | P46: Pollution Regulations, including Chapter 34 on pollution from aquaculture | Q46: https://lovdata.no/dokument/SF/forskrift/2004-06-01-931 | R46: https://lovdata.no/dokument/SF/forskrift/2004-06-01-931 | S46: A_Public_Authority | T46: html | U46: Norwegian Ministry of Climate and Environment | V46: Norway | W46: Norwegian | Z46: Public authority | AA46: Regulation | AB46: Primary normative | AC46: Official regulation issued by Norwegian Ministry of Climate and Environment; included because it may impose binding requirements on an in-scope aquaculture asset, activity, permit or certification. | AD46: HIGH | AE46: HIGH | AF46: HIGH | AG46: HIGH | AH46: HIGH | AI46: HIGH | AJ46: INCLUDE | AM46: CURRENT | AN46: PA007 | AO46: Official environmental coverage expansion. Chapter-level and permit-specific applicability must be confirmed. | AP46: OFFICIAL_WEBSITE | AQ46: OFFICIAL_ORIGINAL | AR46: ROLLING
A47: PA045 | B47: PA045-001 | C47: PA045-001_Regulations_concerning_organisation_management_and_employee_participation.html | D47: STORED | E47: =IF(A47="","",IF(OR(AJ47="EXCLUDE",COUNTIF(AD47:AH47,"LOW")>0),"EXCLUDE",IF(OR(AJ47<>"INCLUDE",F47<>"SUCCESS",D47<>"STORED",U47="",AP47="",AQ47="",AQ47="UNVERIFIED",AND(AP47="OFFICIAL_WEBSITE",Q47=""),AND(OR(AA47="Equipment manual / OEM instruction",AB47="Asset-specific normative"),OR(Z47<>"Manufacturer / supplier",AS47="",AC47=""))),"PENDING",IF(COUNTIF(AD47:AH47,"HIGH")=5,"INCLUDE","PENDING")))) | F47: SUCCESS | G47: 46262.531 | H47: 46262.531 | I47: INITIAL | J47: AUTO | K47: =IF(A47="","",IF(J47="AUTO",H47,IF(J47="MANUAL",AK47,""))) | L47: NONE | N47: =IF(A47="","",IF(COUNTIFS('Human Operation Desktop'!$A$3:$A$502,A47,'Human Operation Desktop'!$I$3:$I$502,"<>APPLIED",'Human Operation Desktop'!$I$3:$I$502,"<>REJECTED")>0,"YES","NO")) | O47: e43d868a759780431d3e95d2b6e6910c66ca52fe42f12adc15e0380a3a81e1e2 | P47: Regulations concerning organisation, management and employee participation | Q47: https://lovdata.no/dokument/SF/forskrift/2011-12-06-1355 | R47: https://lovdata.no/dokument/SF/forskrift/2011-12-06-1355 | S47: A_Public_Authority | T47: html | U47: Norwegian Ministry of Labour and Social Inclusion | V47: Norway | W47: Norwegian | Z47: Public authority | AA47: Regulation | AB47: Primary normative | AC47: Official regulation issued by Norwegian Ministry of Labour and Social Inclusion; included because it may impose binding requirements on an in-scope aquaculture asset, activity, permit or certification. | AD47: HIGH | AE47: HIGH | AF47: HIGH | AG47: HIGH | AH47: HIGH | AI47: HIGH | AJ47: INCLUDE | AM47: CURRENT | AN47: PA011 | AO47: Official HSE framework expansion. Applies according to work organisation, competence and participation arrangements. | AP47: OFFICIAL_WEBSITE | AQ47: OFFICIAL_ORIGINAL | AR47: ROLLING
A48: PA046 | B48: PA046-001 | C48: PA046-001_Workplace_Regulations.html | D48: STORED | E48: =IF(A48="","",IF(OR(AJ48="EXCLUDE",COUNTIF(AD48:AH48,"LOW")>0),"EXCLUDE",IF(OR(AJ48<>"INCLUDE",F48<>"SUCCESS",D48<>"STORED",U48="",AP48="",AQ48="",AQ48="UNVERIFIED",AND(AP48="OFFICIAL_WEBSITE",Q48=""),AND(OR(AA48="Equipment manual / OEM instruction",AB48="Asset-specific normative"),OR(Z48<>"Manufacturer / supplier",AS48="",AC48=""))),"PENDING",IF(COUNTIF(AD48:AH48,"HIGH")=5,"INCLUDE","PENDING")))) | F48: SUCCESS | G48: 46262.531 | H48: 46262.531 | I48: INITIAL | J48: AUTO | K48: =IF(A48="","",IF(J48="AUTO",H48,IF(J48="MANUAL",AK48,""))) | L48: NONE | N48: =IF(A48="","",IF(COUNTIFS('Human Operation Desktop'!$A$3:$A$502,A48,'Human Operation Desktop'!$I$3:$I$502,"<>APPLIED",'Human Operation Desktop'!$I$3:$I$502,"<>REJECTED")>0,"YES","NO")) | O48: 3f3b6a9810b38e87332d03d59568a8724e83682d4ab914996dbf9b4d160dd951 | P48: Workplace Regulations | Q48: https://lovdata.no/dokument/SF/forskrift/2011-12-06-1356 | R48: https://lovdata.no/dokument/SF/forskrift/2011-12-06-1356 | S48: A_Public_Authority | T48: html | U48: Norwegian Ministry of Labour and Social Inclusion | V48: Norway | W48: Norwegian | Z48: Public authority | AA48: Regulation | AB48: Primary normative | AC48: Official regulation issued by Norwegian Ministry of Labour and Social Inclusion; included because it may impose binding requirements on an in-scope aquaculture asset, activity, permit or certification. | AD48: HIGH | AE48: HIGH | AF48: HIGH | AG48: HIGH | AH48: HIGH | AI48: HIGH | AJ48: INCLUDE | AM48: CURRENT | AN48: PA011 | AO48: Official HSE framework expansion. Site and facility applicability must be mapped to actual workplaces. | AP48: OFFICIAL_WEBSITE | AQ48: OFFICIAL_ORIGINAL | AR48: ROLLING
A49: PA047 | B49: PA047-001 | C49: PA047-001_Regulations_concerning_action_and_limit_values.html | D49: STORED | E49: =IF(A49="","",IF(OR(AJ49="EXCLUDE",COUNTIF(AD49:AH49,"LOW")>0),"EXCLUDE",IF(OR(AJ49<>"INCLUDE",F49<>"SUCCESS",D49<>"STORED",U49="",AP49="",AQ49="",AQ49="UNVERIFIED",AND(AP49="OFFICIAL_WEBSITE",Q49=""),AND(OR(AA49="Equipment manual / OEM instruction",AB49="Asset-specific normative"),OR(Z49<>"Manufacturer / supplier",AS49="",AC49=""))),"PENDING",IF(COUNTIF(AD49:AH49,"HIGH")=5,"INCLUDE","PENDING")))) | F49: SUCCESS | G49: 46262.531 | H49: 46262.531 | I49: INITIAL | J49: AUTO | K49: =IF(A49="","",IF(J49="AUTO",H49,IF(J49="MANUAL",AK49,""))) | L49: NONE | N49: =IF(A49="","",IF(COUNTIFS('Human Operation Desktop'!$A$3:$A$502,A49,'Human Operation Desktop'!$I$3:$I$502,"<>APPLIED",'Human Operation Desktop'!$I$3:$I$502,"<>REJECTED")>0,"YES","NO")) | O49: c30790d1b5cdb2e3fc192d1e2141a7996f5e3a3d42983671189edd232c7cbd14 | P49: Regulations concerning action and limit values | Q49: https://lovdata.no/dokument/SF/forskrift/2011-12-06-1358 | R49: https://lovdata.no/dokument/SF/forskrift/2011-12-06-1358 | S49: A_Public_Authority | T49: html | U49: Norwegian Ministry of Labour and Social Inclusion | V49: Norway | W49: Norwegian | Z49: Public authority | AA49: Regulation | AB49: Primary normative | AC49: Official regulation issued by Norwegian Ministry of Labour and Social Inclusion; included because it may impose binding requirements on an in-scope aquaculture asset, activity, permit or certification. | AD49: HIGH | AE49: HIGH | AF49: HIGH | AG49: HIGH | AH49: HIGH | AI49: HIGH | AJ49: INCLUDE | AM49: CURRENT | AN49: PA011 | AO49: Official HSE framework expansion. Include applicable exposure limits after activity and hazard mapping. | AP49: OFFICIAL_WEBSITE | AQ49: OFFICIAL_ORIGINAL | AR49: ROLLING
A50: PA048 | B50: PA048-001 | C50: PA048-001_Regulations_concerning_administrative_arrangements_in_the_area_of_the_Working_Environment_Act.html | D50: STORED | E50: =IF(A50="","",IF(OR(AJ50="EXCLUDE",COUNTIF(AD50:AH50,"LOW")>0),"EXCLUDE",IF(OR(AJ50<>"INCLUDE",F50<>"SUCCESS",D50<>"STORED",U50="",AP50="",AQ50="",AQ50="UNVERIFIED",AND(AP50="OFFICIAL_WEBSITE",Q50=""),AND(OR(AA50="Equipment manual / OEM instruction",AB50="Asset-specific normative"),OR(Z50<>"Manufacturer / supplier",AS50="",AC50=""))),"PENDING",IF(COUNTIF(AD50:AH50,"HIGH")=5,"INCLUDE","PENDING")))) | F50: SUCCESS | G50: 46262.531 | H50: 46262.531 | I50: INITIAL | J50: AUTO | K50: =IF(A50="","",IF(J50="AUTO",H50,IF(J50="MANUAL",AK50,""))) | L50: NONE | N50: =IF(A50="","",IF(COUNTIFS('Human Operation Desktop'!$A$3:$A$502,A50,'Human Operation Desktop'!$I$3:$I$502,"<>APPLIED",'Human Operation Desktop'!$I$3:$I$502,"<>REJECTED")>0,"YES","NO")) | O50: a1d40a88d0a41bd2a9b66a59e0f3e46a4769483174bae327b4ca5fc43e07b6be | P50: Regulations concerning administrative arrangements in the area of the Working Environment Act | Q50: https://lovdata.no/dokument/SF/forskrift/2011-12-06-1360 | R50: https://lovdata.no/dokument/SF/forskrift/2011-12-06-1360 | S50: A_Public_Authority | T50: html | U50: Norwegian Ministry of Labour and Social Inclusion | V50: Norway | W50: Norwegian | Z50: Public authority | AA50: Regulation | AB50: Referenced normative | AC50: Official referenced source from Norwegian Ministry of Labour and Social Inclusion; included because an applicable law, permit or certification scheme may make its provisions binding within the approved scope. | AD50: HIGH | AE50: HIGH | AF50: HIGH | AG50: HIGH | AH50: HIGH | AI50: HIGH | AJ50: INCLUDE | AM50: CURRENT | AN50: PA011 | AO50: Official HSE framework expansion. Relevant to designated roles, approvals and administrative arrangements. | AP50: OFFICIAL_WEBSITE | AQ50: OFFICIAL_ORIGINAL | AR50: ROLLING
A51: PA049 | B51: PA049-001 | C51: PA049-001_Regulation_on_working_environment_safety_and_health_for_persons_working_on_board_ships.html | D51: STORED | E51: =IF(A51="","",IF(OR(AJ51="EXCLUDE",COUNTIF(AD51:AH51,"LOW")>0),"EXCLUDE",IF(OR(AJ51<>"INCLUDE",F51<>"SUCCESS",D51<>"STORED",U51="",AP51="",AQ51="",AQ51="UNVERIFIED",AND(AP51="OFFICIAL_WEBSITE",Q51=""),AND(OR(AA51="Equipment manual / OEM instruction",AB51="Asset-specific normative"),OR(Z51<>"Manufacturer / supplier",AS51="",AC51=""))),"PENDING",IF(COUNTIF(AD51:AH51,"HIGH")=5,"INCLUDE","PENDING")))) | F51: SUCCESS | G51: 46262.531 | H51: 46262.531 | I51: INITIAL | J51: AUTO | K51: =IF(A51="","",IF(J51="AUTO",H51,IF(J51="MANUAL",AK51,""))) | L51: NONE | N51: =IF(A51="","",IF(COUNTIFS('Human Operation Desktop'!$A$3:$A$502,A51,'Human Operation Desktop'!$I$3:$I$502,"<>APPLIED",'Human Operation Desktop'!$I$3:$I$502,"<>REJECTED")>0,"YES","NO")) | O51: 669c8fb7232983d365c22bc01253bfe1b6d121397439e31345698e43fa3fcba1 | P51: Regulation on working environment, safety and health for persons working on board ships | Q51: https://lovdata.no/dokument/SF/forskrift/2005-01-01-8 | R51: https://lovdata.no/dokument/SF/forskrift/2005-01-01-8 | S51: A_Public_Authority | T51: html | U51: Norwegian Ministry of Trade, Industry and Fisheries | V51: Norway | W51: Norwegian | Z51: Public authority | AA51: Regulation | AB51: Primary normative | AC51: Official regulation issued by Norwegian Ministry of Trade, Industry and Fisheries; included because it may impose binding requirements on an in-scope aquaculture asset, activity, permit or certification. | AD51: HIGH | AE51: MEDIUM | AF51: HIGH | AG51: HIGH | AH51: HIGH | AI51: HIGH | AJ51: PENDING | AM51: CURRENT | AN51: PA018 | AO51: Official maritime HSE expansion. Include only for personnel and vessels falling within maritime scope. | AP51: OFFICIAL_WEBSITE | AQ51: OFFICIAL_ORIGINAL | AR51: ROLLING
A52: PA050 | B52: PA050-001 | C52: PA050-001_Harbours_and_Fairways_Act.html | D52: STORED | E52: =IF(A52="","",IF(OR(AJ52="EXCLUDE",COUNTIF(AD52:AH52,"LOW")>0),"EXCLUDE",IF(OR(AJ52<>"INCLUDE",F52<>"SUCCESS",D52<>"STORED",U52="",AP52="",AQ52="",AQ52="UNVERIFIED",AND(AP52="OFFICIAL_WEBSITE",Q52=""),AND(OR(AA52="Equipment manual / OEM instruction",AB52="Asset-specific normative"),OR(Z52<>"Manufacturer / supplier",AS52="",AC52=""))),"PENDING",IF(COUNTIF(AD52:AH52,"HIGH")=5,"INCLUDE","PENDING")))) | F52: SUCCESS | G52: 46262.531 | H52: 46262.531 | I52: INITIAL | J52: AUTO | K52: =IF(A52="","",IF(J52="AUTO",H52,IF(J52="MANUAL",AK52,""))) | L52: NONE | N52: =IF(A52="","",IF(COUNTIFS('Human Operation Desktop'!$A$3:$A$502,A52,'Human Operation Desktop'!$I$3:$I$502,"<>APPLIED",'Human Operation Desktop'!$I$3:$I$502,"<>REJECTED")>0,"YES","NO")) | O52: b3340595ebd0e5912f032c385ccebc254cd79b719a1f625d87b4a340b66df3d7 | P52: Harbours and Fairways Act | Q52: https://lovdata.no/dokument/NL/lov/2019-06-21-70 | R52: https://lovdata.no/dokument/NL/lov/2019-06-21-70 | S52: A_Public_Authority | T52: html | U52: Norwegian Ministry of Trade, Industry and Fisheries | V52: Norway | W52: Norwegian | Z52: Public authority | AA52: Law | AB52: Primary normative | AC52: Official law issued by Norwegian Ministry of Trade, Industry and Fisheries; included because it may impose binding requirements on an in-scope aquaculture asset, activity, permit or certification. | AD52: HIGH | AE52: HIGH | AF52: HIGH | AG52: HIGH | AH52: HIGH | AI52: HIGH | AJ52: INCLUDE | AM52: CURRENT | AO52: Official permitting expansion. Relevant to sea-based site placement, navigation and measures in fairways. | AP52: OFFICIAL_WEBSITE | AQ52: OFFICIAL_ORIGINAL | AR52: ROLLING
A53: PA051 | B53: PA051-001 | C53: PA051-001_Planning_and_Building_Act.html | D53: STORED | E53: =IF(A53="","",IF(OR(AJ53="EXCLUDE",COUNTIF(AD53:AH53,"LOW")>0),"EXCLUDE",IF(OR(AJ53<>"INCLUDE",F53<>"SUCCESS",D53<>"STORED",U53="",AP53="",AQ53="",AQ53="UNVERIFIED",AND(AP53="OFFICIAL_WEBSITE",Q53=""),AND(OR(AA53="Equipment manual / OEM instruction",AB53="Asset-specific normative"),OR(Z53<>"Manufacturer / supplier",AS53="",AC53=""))),"PENDING",IF(COUNTIF(AD53:AH53,"HIGH")=5,"INCLUDE","PENDING")))) | F53: SUCCESS | G53: 46262.531 | H53: 46262.531 | I53: INITIAL | J53: AUTO | K53: =IF(A53="","",IF(J53="AUTO",H53,IF(J53="MANUAL",AK53,""))) | L53: NONE | N53: =IF(A53="","",IF(COUNTIFS('Human Operation Desktop'!$A$3:$A$502,A53,'Human Operation Desktop'!$I$3:$I$502,"<>APPLIED",'Human Operation Desktop'!$I$3:$I$502,"<>REJECTED")>0,"YES","NO")) | O53: f2cb33416ae233a0616722ffb0ebf377bf1eea2da309fbee385495f01062c5d2 | P53: Planning and Building Act | Q53: https://lovdata.no/dokument/NL/lov/2008-06-27-71 | R53: https://lovdata.no/dokument/NL/lov/2008-06-27-71 | S53: A_Public_Authority | T53: html | U53: Norwegian Ministry of Local Government and Regional Development | V53: Norway | W53: Norwegian | Z53: Public authority | AA53: Law | AB53: Referenced normative | AC53: Official referenced source from Norwegian Ministry of Local Government and Regional Development; included because an applicable law, permit or certification scheme may make its provisions binding within the approved scope. | AD53: HIGH | AE53: MEDIUM | AF53: HIGH | AG53: HIGH | AH53: HIGH | AI53: HIGH | AJ53: PENDING | AM53: CURRENT | AO53: Official permitting expansion. Relevance depends on municipal plans, land-based works and the specific application. | AP53: OFFICIAL_WEBSITE | AQ53: OFFICIAL_ORIGINAL | AR53: ROLLING
A54: PA052 | B54: PA052-001 | C54: PA052-001_Cultural_Heritage_Act.html | D54: STORED | E54: =IF(A54="","",IF(OR(AJ54="EXCLUDE",COUNTIF(AD54:AH54,"LOW")>0),"EXCLUDE",IF(OR(AJ54<>"INCLUDE",F54<>"SUCCESS",D54<>"STORED",U54="",AP54="",AQ54="",AQ54="UNVERIFIED",AND(AP54="OFFICIAL_WEBSITE",Q54=""),AND(OR(AA54="Equipment manual / OEM instruction",AB54="Asset-specific normative"),OR(Z54<>"Manufacturer / supplier",AS54="",AC54=""))),"PENDING",IF(COUNTIF(AD54:AH54,"HIGH")=5,"INCLUDE","PENDING")))) | F54: SUCCESS | G54: 46262.531 | H54: 46262.531 | I54: INITIAL | J54: AUTO | K54: =IF(A54="","",IF(J54="AUTO",H54,IF(J54="MANUAL",AK54,""))) | L54: NONE | N54: =IF(A54="","",IF(COUNTIFS('Human Operation Desktop'!$A$3:$A$502,A54,'Human Operation Desktop'!$I$3:$I$502,"<>APPLIED",'Human Operation Desktop'!$I$3:$I$502,"<>REJECTED")>0,"YES","NO")) | O54: 70a7268b5afd45f369ef12f9d167fc6b9b87d65af7bbc46a28e19a40563b2bcb | P54: Cultural Heritage Act | Q54: https://lovdata.no/dokument/NL/lov/1978-06-09-50 | R54: https://lovdata.no/dokument/NL/lov/1978-06-09-50 | S54: A_Public_Authority | T54: html | U54: Norwegian Ministry of Climate and Environment | V54: Norway | W54: Norwegian | Z54: Public authority | AA54: Law | AB54: Referenced normative | AC54: Official referenced source from Norwegian Ministry of Climate and Environment; included because an applicable law, permit or certification scheme may make its provisions binding within the approved scope. | AD54: HIGH | AE54: MEDIUM | AF54: HIGH | AG54: HIGH | AH54: HIGH | AI54: HIGH | AJ54: PENDING | AM54: CURRENT | AO54: Official permitting expansion. Site-specific relevance depends on registered or discovered cultural heritage. | AP54: OFFICIAL_WEBSITE | AQ54: OFFICIAL_ORIGINAL | AR54: ROLLING
A55: PA053 | B55: PA053-001 | C55: PA053-001_Water_Resources_Act.html | D55: STORED | E55: =IF(A55="","",IF(OR(AJ55="EXCLUDE",COUNTIF(AD55:AH55,"LOW")>0),"EXCLUDE",IF(OR(AJ55<>"INCLUDE",F55<>"SUCCESS",D55<>"STORED",U55="",AP55="",AQ55="",AQ55="UNVERIFIED",AND(AP55="OFFICIAL_WEBSITE",Q55=""),AND(OR(AA55="Equipment manual / OEM instruction",AB55="Asset-specific normative"),OR(Z55<>"Manufacturer / supplier",AS55="",AC55=""))),"PENDING",IF(COUNTIF(AD55:AH55,"HIGH")=5,"INCLUDE","PENDING")))) | F55: SUCCESS | G55: 46262.531 | H55: 46262.531 | I55: INITIAL | J55: AUTO | K55: =IF(A55="","",IF(J55="AUTO",H55,IF(J55="MANUAL",AK55,""))) | L55: NONE | N55: =IF(A55="","",IF(COUNTIFS('Human Operation Desktop'!$A$3:$A$502,A55,'Human Operation Desktop'!$I$3:$I$502,"<>APPLIED",'Human Operation Desktop'!$I$3:$I$502,"<>REJECTED")>0,"YES","NO")) | O55: 4f34d5e27c31a36b0d4578795a149e441341f41df43c89eb9aac6a5da9e075f8 | P55: Water Resources Act | Q55: https://lovdata.no/dokument/NL/lov/2000-11-24-82 | R55: https://lovdata.no/dokument/NL/lov/2000-11-24-82 | S55: A_Public_Authority | T55: html | U55: Norwegian Ministry of Energy | V55: Norway | W55: Norwegian | Z55: Public authority | AA55: Law | AB55: Referenced normative | AC55: Official referenced source from Norwegian Ministry of Energy; included because an applicable law, permit or certification scheme may make its provisions binding within the approved scope. | AD55: HIGH | AE55: MEDIUM | AF55: HIGH | AG55: HIGH | AH55: HIGH | AI55: HIGH | AJ55: PENDING | AM55: CURRENT | AO55: Official permitting expansion. Particularly relevant to freshwater or water-abstraction and discharge arrangements. | AP55: OFFICIAL_WEBSITE | AQ55: OFFICIAL_ORIGINAL | AR55: ROLLING
A56: PA054 | B56: PA054-001 | C56: PA054-001_Marine_Nature_Protection_Act.html | D56: STORED | E56: =IF(A56="","",IF(OR(AJ56="EXCLUDE",COUNTIF(AD56:AH56,"LOW")>0),"EXCLUDE",IF(OR(AJ56<>"INCLUDE",F56<>"SUCCESS",D56<>"STORED",U56="",AP56="",AQ56="",AQ56="UNVERIFIED",AND(AP56="OFFICIAL_WEBSITE",Q56=""),AND(OR(AA56="Equipment manual / OEM instruction",AB56="Asset-specific normative"),OR(Z56<>"Manufacturer / supplier",AS56="",AC56=""))),"PENDING",IF(COUNTIF(AD56:AH56,"HIGH")=5,"INCLUDE","PENDING")))) | F56: SUCCESS | G56: 46262.531 | H56: 46262.531 | I56: INITIAL | J56: AUTO | K56: =IF(A56="","",IF(J56="AUTO",H56,IF(J56="MANUAL",AK56,""))) | L56: NONE | N56: =IF(A56="","",IF(COUNTIFS('Human Operation Desktop'!$A$3:$A$502,A56,'Human Operation Desktop'!$I$3:$I$502,"<>APPLIED",'Human Operation Desktop'!$I$3:$I$502,"<>REJECTED")>0,"YES","NO")) | O56: 4dce1de2f48bf0d24398b17145c4c2286152eb61a354107445022488b2808c71 | P56: Marine Nature Protection Act | Q56: https://lovdata.no/dokument/NL/lov/2025-06-10-33 | R56: https://lovdata.no/dokument/NL/lov/2025-06-10-33 | S56: A_Public_Authority | T56: html | U56: Norwegian Ministry of Climate and Environment | V56: Norway | W56: Norwegian | Y56: 46023 | Z56: Public authority | AA56: Law | AB56: Referenced normative | AC56: Official referenced source from Norwegian Ministry of Climate and Environment; included because an applicable law, permit or certification scheme may make its provisions binding within the approved scope. | AD56: HIGH | AE56: MEDIUM | AF56: HIGH | AG56: HIGH | AH56: HIGH | AI56: HIGH | AJ56: PENDING | AM56: CURRENT | AO56: Official future-facing coverage expansion. Offshore and site-specific applicability must be confirmed before use. | AP56: OFFICIAL_WEBSITE | AQ56: OFFICIAL_ORIGINAL | AR56: ROLLING
A57: PA055 | B57: PA055-001 | C57: PA055-001_Regulation_on_fairway_signs_and_navigational_devices.html | D57: STORED | E57: =IF(A57="","",IF(OR(AJ57="EXCLUDE",COUNTIF(AD57:AH57,"LOW")>0),"EXCLUDE",IF(OR(AJ57<>"INCLUDE",F57<>"SUCCESS",D57<>"STORED",U57="",AP57="",AQ57="",AQ57="UNVERIFIED",AND(AP57="OFFICIAL_WEBSITE",Q57=""),AND(OR(AA57="Equipment manual / OEM instruction",AB57="Asset-specific normative"),OR(Z57<>"Manufacturer / supplier",AS57="",AC57=""))),"PENDING",IF(COUNTIF(AD57:AH57,"HIGH")=5,"INCLUDE","PENDING")))) | F57: SUCCESS | G57: 46262.531 | H57: 46262.531 | I57: INITIAL | J57: AUTO | K57: =IF(A57="","",IF(J57="AUTO",H57,IF(J57="MANUAL",AK57,""))) | L57: NONE | N57: =IF(A57="","",IF(COUNTIFS('Human Operation Desktop'!$A$3:$A$502,A57,'Human Operation Desktop'!$I$3:$I$502,"<>APPLIED",'Human Operation Desktop'!$I$3:$I$502,"<>REJECTED")>0,"YES","NO")) | O57: c497ee186adeef3c2a97e4c9c9508a5b132a1e58eaf76ec1517408bd22fa25d9 | P57: Regulation on fairway signs and navigational devices | Q57: https://lovdata.no/dokument/SF/forskrift/2012-12-19-1329 | R57: https://lovdata.no/dokument/SF/forskrift/2012-12-19-1329 | S57: A_Public_Authority | T57: html | U57: Norwegian Ministry of Trade, Industry and Fisheries | V57: Norway | W57: Norwegian | Z57: Public authority | AA57: Regulation | AB57: Primary normative | AC57: Official regulation issued by Norwegian Ministry of Trade, Industry and Fisheries; included because it may impose binding requirements on an in-scope aquaculture asset, activity, permit or certification. | AD57: HIGH | AE57: HIGH | AF57: HIGH | AG57: HIGH | AH57: HIGH | AI57: HIGH | AJ57: INCLUDE | AM57: CURRENT | AN57: PA050 | AO57: Official sea-site expansion. Includes marking and navigation-related provisions relevant to applicable aquaculture installations. | AP57: OFFICIAL_WEBSITE | AQ57: OFFICIAL_ORIGINAL | AR57: ROLLING
A58: PA056 | B58: PA056-001 | C58: PA056-001_Fiskeridirektoratet_guidance_for_land-based_aquaculture_facilities.html | D58: STORED | E58: =IF(A58="","",IF(OR(AJ58="EXCLUDE",COUNTIF(AD58:AH58,"LOW")>0),"EXCLUDE",IF(OR(AJ58<>"INCLUDE",F58<>"SUCCESS",D58<>"STORED",U58="",AP58="",AQ58="",AQ58="UNVERIFIED",AND(AP58="OFFICIAL_WEBSITE",Q58=""),AND(OR(AA58="Equipment manual / OEM instruction",AB58="Asset-specific normative"),OR(Z58<>"Manufacturer / supplier",AS58="",AC58=""))),"PENDING",IF(COUNTIF(AD58:AH58,"HIGH")=5,"INCLUDE","PENDING")))) | F58: SUCCESS | G58: 46262.531 | H58: 46262.531 | I58: INITIAL | J58: AUTO | K58: =IF(A58="","",IF(J58="AUTO",H58,IF(J58="MANUAL",AK58,""))) | L58: NONE | N58: =IF(A58="","",IF(COUNTIFS('Human Operation Desktop'!$A$3:$A$502,A58,'Human Operation Desktop'!$I$3:$I$502,"<>APPLIED",'Human Operation Desktop'!$I$3:$I$502,"<>REJECTED")>0,"YES","NO")) | O58: 73c197182a2280a093d6c7ec0a273ab6f46ad0e55edfddc0f31373937b21de93 | P58: Fiskeridirektoratet guidance for land-based aquaculture facilities | Q58: https://www.fiskeridir.no/akvakultur/landbaserte-anlegg | R58: https://www.fiskeridir.no/akvakultur/landbaserte-anlegg | S58: A_Public_Authority | T58: html | U58: Norwegian Directorate of Fisheries | V58: Norway | W58: Norwegian | Z58: Public authority | AA58: Interpretation document | AB58: Guidance / interpretation | AC58: Official guidance from Norwegian Directorate of Fisheries; included to interpret and operationalise linked normative requirements, not as independent legal or certification authority. | AD58: HIGH | AE58: MEDIUM | AF58: HIGH | AG58: HIGH | AH58: HIGH | AI58: HIGH | AJ58: PENDING | AM58: CURRENT | AN58: PA022 | AO58: Official land-based facility guidance. Include only when land-based facilities are within scope. | AP58: OFFICIAL_WEBSITE | AQ58: OFFICIAL_ORIGINAL | AR58: ROLLING
A59: PA057 | B59: PA057-001 | C59: PA057-001_Guidance_for_condition_assessment_of_land-based_aquaculture_facilities.pdf | D59: STORED | E59: =IF(A59="","",IF(OR(AJ59="EXCLUDE",COUNTIF(AD59:AH59,"LOW")>0),"EXCLUDE",IF(OR(AJ59<>"INCLUDE",F59<>"SUCCESS",D59<>"STORED",U59="",AP59="",AQ59="",AQ59="UNVERIFIED",AND(AP59="OFFICIAL_WEBSITE",Q59=""),AND(OR(AA59="Equipment manual / OEM instruction",AB59="Asset-specific normative"),OR(Z59<>"Manufacturer / supplier",AS59="",AC59=""))),"PENDING",IF(COUNTIF(AD59:AH59,"HIGH")=5,"INCLUDE","PENDING")))) | F59: SUCCESS | G59: 46262.531 | H59: 46262.531 | I59: INITIAL | J59: AUTO | K59: =IF(A59="","",IF(J59="AUTO",H59,IF(J59="MANUAL",AK59,""))) | L59: NONE | N59: =IF(A59="","",IF(COUNTIFS('Human Operation Desktop'!$A$3:$A$502,A59,'Human Operation Desktop'!$I$3:$I$502,"<>APPLIED",'Human Operation Desktop'!$I$3:$I$502,"<>REJECTED")>0,"YES","NO")) | O59: f9f6bd8531c2cd8a4cc7dd49e4035aaef6ff33cb2f7dbf93f0e340ca0b454778 | P59: Guidance for condition assessment of land-based aquaculture facilities | Q59: https://www.fiskeridir.no/Akvakultur/Dokumenter/Veiledere/Tilstandsanalyse-av-landbaserte-anlegg | R59: https://www.fiskeridir.no/Akvakultur/Dokumenter/Veiledere/Tilstandsanalyse-av-landbaserte-anlegg/_/attachment/download/df2fc451-04b7-4984-8628-770e2cf13ac9%3Ad6ae5a53d45201b6bb2458a1e3506f3f9cd7e3fe/Veileder_tilstandsanalyse_20241011.pdf | S59: A_Public_Authority | T59: pdf | U59: Norwegian Directorate of Fisheries | V59: Norway | W59: Norwegian | X59: 2024-10-11 | Z59: Public authority | AA59: Interpretation document | AB59: Guidance / interpretation | AC59: Official guidance from Norwegian Directorate of Fisheries; included to interpret and operationalise linked normative requirements, not as independent legal or certification authority. | AD59: HIGH | AE59: MEDIUM | AF59: HIGH | AG59: HIGH | AH59: HIGH | AI59: HIGH | AJ59: PENDING | AM59: CURRENT | AN59: PA022 | AO59: Official technical guidance linked to land-based facility regulation and NS 3424. Conditional on land-based scope. | AP59: OFFICIAL_WEBSITE | AQ59: OFFICIAL_ORIGINAL | AR59: VERSIONED
A60: PA058 | B60: PA058-001 | C60: PA058-001_Animal_By-Products_Regulations.html | D60: STORED | E60: =IF(A60="","",IF(OR(AJ60="EXCLUDE",COUNTIF(AD60:AH60,"LOW")>0),"EXCLUDE",IF(OR(AJ60<>"INCLUDE",F60<>"SUCCESS",D60<>"STORED",U60="",AP60="",AQ60="",AQ60="UNVERIFIED",AND(AP60="OFFICIAL_WEBSITE",Q60=""),AND(OR(AA60="Equipment manual / OEM instruction",AB60="Asset-specific normative"),OR(Z60<>"Manufacturer / supplier",AS60="",AC60=""))),"PENDING",IF(COUNTIF(AD60:AH60,"HIGH")=5,"INCLUDE","PENDING")))) | F60: SUCCESS | G60: 46262.531 | H60: 46262.531 | I60: INITIAL | J60: AUTO | K60: =IF(A60="","",IF(J60="AUTO",H60,IF(J60="MANUAL",AK60,""))) | L60: NONE | N60: =IF(A60="","",IF(COUNTIFS('Human Operation Desktop'!$A$3:$A$502,A60,'Human Operation Desktop'!$I$3:$I$502,"<>APPLIED",'Human Operation Desktop'!$I$3:$I$502,"<>REJECTED")>0,"YES","NO")) | O60: fd75ab8dd58b68417b6da68c10c92a6952c7e7e2c8fdb7d48b02c8a46c6dee6a | P60: Animal By-Products Regulations | Q60: https://lovdata.no/dokument/SF/forskrift/2016-09-14-1064 | R60: https://lovdata.no/dokument/SF/forskrift/2016-09-14-1064 | S60: A_Public_Authority | T60: html | U60: Norwegian Ministry of Agriculture and Food | V60: Norway | W60: Norwegian | Z60: Public authority | AA60: Regulation | AB60: Primary normative | AC60: Official regulation issued by Norwegian Ministry of Agriculture and Food; included because it may impose binding requirements on an in-scope aquaculture asset, activity, permit or certification. | AD60: HIGH | AE60: HIGH | AF60: HIGH | AG60: HIGH | AH60: HIGH | AI60: HIGH | AJ60: INCLUDE | AM60: CURRENT | AO60: Official food and animal-health expansion. Relevant to mortality, biological waste and animal by-product handling. | AP60: OFFICIAL_WEBSITE | AQ60: OFFICIAL_ORIGINAL | AR60: ROLLING
A61: PA059 | B61: PA059-001 | C61: PA059-001_Feed_Hygiene_Regulations.html | D61: STORED | E61: =IF(A61="","",IF(OR(AJ61="EXCLUDE",COUNTIF(AD61:AH61,"LOW")>0),"EXCLUDE",IF(OR(AJ61<>"INCLUDE",F61<>"SUCCESS",D61<>"STORED",U61="",AP61="",AQ61="",AQ61="UNVERIFIED",AND(AP61="OFFICIAL_WEBSITE",Q61=""),AND(OR(AA61="Equipment manual / OEM instruction",AB61="Asset-specific normative"),OR(Z61<>"Manufacturer / supplier",AS61="",AC61=""))),"PENDING",IF(COUNTIF(AD61:AH61,"HIGH")=5,"INCLUDE","PENDING")))) | F61: SUCCESS | G61: 46262.531 | H61: 46262.531 | I61: INITIAL | J61: AUTO | K61: =IF(A61="","",IF(J61="AUTO",H61,IF(J61="MANUAL",AK61,""))) | L61: NONE | N61: =IF(A61="","",IF(COUNTIFS('Human Operation Desktop'!$A$3:$A$502,A61,'Human Operation Desktop'!$I$3:$I$502,"<>APPLIED",'Human Operation Desktop'!$I$3:$I$502,"<>REJECTED")>0,"YES","NO")) | O61: ed6c7697859784b170a511c1cf2959184626790cd65ed05c36bc863c6769a793 | P61: Feed Hygiene Regulations | Q61: https://lovdata.no/dokument/SF/forskrift/2010-01-14-39 | R61: https://lovdata.no/dokument/SF/forskrift/2010-01-14-39 | S61: A_Public_Authority | T61: html | U61: Norwegian Ministry of Agriculture and Food | V61: Norway | W61: Norwegian | Z61: Public authority | AA61: Regulation | AB61: Primary normative | AC61: Official regulation issued by Norwegian Ministry of Agriculture and Food; included because it may impose binding requirements on an in-scope aquaculture asset, activity, permit or certification. | AD61: HIGH | AE61: HIGH | AF61: HIGH | AG61: HIGH | AH61: HIGH | AI61: HIGH | AJ61: INCLUDE | AM61: CURRENT | AO61: Official feed-safety expansion. Applicability depends on storage, handling and feed-business activities. | AP61: OFFICIAL_WEBSITE | AQ61: OFFICIAL_ORIGINAL | AR61: ROLLING
A62: PA060 | B62: PA060-001 | C62: PA060-001_Regulation_on_veterinary_medicinal_products.html | D62: STORED | E62: =IF(A62="","",IF(OR(AJ62="EXCLUDE",COUNTIF(AD62:AH62,"LOW")>0),"EXCLUDE",IF(OR(AJ62<>"INCLUDE",F62<>"SUCCESS",D62<>"STORED",U62="",AP62="",AQ62="",AQ62="UNVERIFIED",AND(AP62="OFFICIAL_WEBSITE",Q62=""),AND(OR(AA62="Equipment manual / OEM instruction",AB62="Asset-specific normative"),OR(Z62<>"Manufacturer / supplier",AS62="",AC62=""))),"PENDING",IF(COUNTIF(AD62:AH62,"HIGH")=5,"INCLUDE","PENDING")))) | F62: SUCCESS | G62: 46262.531 | H62: 46262.531 | I62: INITIAL | J62: AUTO | K62: =IF(A62="","",IF(J62="AUTO",H62,IF(J62="MANUAL",AK62,""))) | L62: NONE | N62: =IF(A62="","",IF(COUNTIFS('Human Operation Desktop'!$A$3:$A$502,A62,'Human Operation Desktop'!$I$3:$I$502,"<>APPLIED",'Human Operation Desktop'!$I$3:$I$502,"<>REJECTED")>0,"YES","NO")) | O62: 744c31829906a7667ae58957380386b0baab1a1ad56b468b6a9ce452b7f0ff8b | P62: Regulation on veterinary medicinal products | Q62: https://lovdata.no/dokument/SF/forskrift/2022-09-08-1573 | R62: https://lovdata.no/dokument/SF/forskrift/2022-09-08-1573 | S62: A_Public_Authority | T62: html | U62: Norwegian Ministry of Health and Care Services | V62: Norway | W62: Norwegian | Z62: Public authority | AA62: Regulation | AB62: Primary normative | AC62: Official regulation issued by Norwegian Ministry of Health and Care Services; included because it may impose binding requirements on an in-scope aquaculture asset, activity, permit or certification. | AD62: HIGH | AE62: HIGH | AF62: HIGH | AG62: HIGH | AH62: HIGH | AI62: HIGH | AJ62: INCLUDE | AM62: CURRENT | AO62: Official animal-health expansion. Include applicable provisions for procurement, use, records and handling of veterinary medicines. | AP62: OFFICIAL_WEBSITE | AQ62: OFFICIAL_ORIGINAL | AR62: ROLLING
A63: SB001 | B63: SB001-001 | C63: SB001-001_NS_9415_2021_AC_2024_Floating_aquaculture_farms_-_Site_survey_design_execution_and_use.pdf | D63: NOT_COLLECTED | E63: =IF(A63="","",IF(OR(AJ63="EXCLUDE",COUNTIF(AD63:AH63,"LOW")>0),"EXCLUDE",IF(OR(AJ63<>"INCLUDE",F63<>"SUCCESS",D63<>"STORED",U63="",AP63="",AQ63="",AQ63="UNVERIFIED",AND(AP63="OFFICIAL_WEBSITE",Q63=""),AND(OR(AA63="Equipment manual / OEM instruction",AB63="Asset-specific normative"),OR(Z63<>"Manufacturer / supplier",AS63="",AC63=""))),"PENDING",IF(COUNTIF(AD63:AH63,"HIGH")=5,"INCLUDE","PENDING")))) | F63: PAYWALL_BLOCKED | I63: UNKNOWN | J63: NONE | K63: =IF(A63="","",IF(J63="AUTO",H63,IF(J63="MANUAL",AK63,""))) | L63: HTTP | M63: Official access is restricted by a paywall or licence; provide an authorised copy or retrieval route. | N63: =IF(A63="","",IF(COUNTIFS('Human Operation Desktop'!$A$3:$A$502,A63,'Human Operation Desktop'!$I$3:$I$502,"<>APPLIED",'Human Operation Desktop'!$I$3:$I$502,"<>REJECTED")>0,"YES","NO")) | P63: NS 9415:2021+AC:2024 Floating aquaculture farms - Site survey, design, execution and use | Q63: https://online.standard.no/nb/ns-9415-2021 | S63: B_Standards_Body | T63: pdf | U63: Standards Norway | V63: Norway | W63: Norwegian | X63: 2021+AC:2024 | Z63: Standards body | AA63: Technical standard | AB63: Referenced normative | AC63: Official referenced source from Standards Norway; included because an applicable law, permit or certification scheme may make its provisions binding within the approved scope. | AD63: HIGH | AE63: HIGH | AF63: HIGH | AG63: HIGH | AH63: MEDIUM | AI63: LOW | AJ63: PENDING | AM63: CURRENT | AN63: PA004 | AO63: Project-mentioned standard referenced by NYTEK23. Licensed access is required before automated retrieval. | AP63: OFFICIAL_WEBSITE | AQ63: OFFICIAL_ORIGINAL | AR63: VERSIONED
A64: SB002 | B64: SB002-001 | C64: SB002-001_NS_9410_2016_Environmental_monitoring_of_benthic_impact_from_marine_fish_farms.pdf | D64: NOT_COLLECTED | E64: =IF(A64="","",IF(OR(AJ64="EXCLUDE",COUNTIF(AD64:AH64,"LOW")>0),"EXCLUDE",IF(OR(AJ64<>"INCLUDE",F64<>"SUCCESS",D64<>"STORED",U64="",AP64="",AQ64="",AQ64="UNVERIFIED",AND(AP64="OFFICIAL_WEBSITE",Q64=""),AND(OR(AA64="Equipment manual / OEM instruction",AB64="Asset-specific normative"),OR(Z64<>"Manufacturer / supplier",AS64="",AC64=""))),"PENDING",IF(COUNTIF(AD64:AH64,"HIGH")=5,"INCLUDE","PENDING")))) | F64: PAYWALL_BLOCKED | I64: UNKNOWN | J64: NONE | K64: =IF(A64="","",IF(J64="AUTO",H64,IF(J64="MANUAL",AK64,""))) | L64: HTTP | M64: Official access is restricted by a paywall or licence; provide an authorised copy or retrieval route. | N64: =IF(A64="","",IF(COUNTIFS('Human Operation Desktop'!$A$3:$A$502,A64,'Human Operation Desktop'!$I$3:$I$502,"<>APPLIED",'Human Operation Desktop'!$I$3:$I$502,"<>REJECTED")>0,"YES","NO")) | P64: NS 9410:2016 Environmental monitoring of benthic impact from marine fish farms | Q64: https://online.standard.no/ns-9410-2016 | S64: B_Standards_Body | T64: pdf | U64: Standards Norway | V64: Norway | W64: Norwegian | X64: 2016 | Z64: Standards body | AA64: Technical standard | AB64: Referenced normative | AC64: Official referenced source from Standards Norway; included because an applicable law, permit or certification scheme may make its provisions binding within the approved scope. | AD64: HIGH | AE64: HIGH | AF64: MEDIUM | AG64: HIGH | AH64: MEDIUM | AI64: LOW | AJ64: PENDING | AM64: CURRENT | AN64: PA044 | AO64: Official expansion from environmental authority guidance. Licensed access is required. | AP64: OFFICIAL_WEBSITE | AQ64: OFFICIAL_ORIGINAL | AR64: VERSIONED
A65: SB003 | B65: SB003-001 | C65: SB003-001_NS_9416_2013_Land-based_aquaculture_facilities_for_fish.pdf | D65: NOT_COLLECTED | E65: =IF(A65="","",IF(OR(AJ65="EXCLUDE",COUNTIF(AD65:AH65,"LOW")>0),"EXCLUDE",IF(OR(AJ65<>"INCLUDE",F65<>"SUCCESS",D65<>"STORED",U65="",AP65="",AQ65="",AQ65="UNVERIFIED",AND(AP65="OFFICIAL_WEBSITE",Q65=""),AND(OR(AA65="Equipment manual / OEM instruction",AB65="Asset-specific normative"),OR(Z65<>"Manufacturer / supplier",AS65="",AC65=""))),"PENDING",IF(COUNTIF(AD65:AH65,"HIGH")=5,"INCLUDE","PENDING")))) | F65: PAYWALL_BLOCKED | I65: UNKNOWN | J65: NONE | K65: =IF(A65="","",IF(J65="AUTO",H65,IF(J65="MANUAL",AK65,""))) | L65: HTTP | M65: Official access is restricted by a paywall or licence; provide an authorised copy or retrieval route. | N65: =IF(A65="","",IF(COUNTIFS('Human Operation Desktop'!$A$3:$A$502,A65,'Human Operation Desktop'!$I$3:$I$502,"<>APPLIED",'Human Operation Desktop'!$I$3:$I$502,"<>REJECTED")>0,"YES","NO")) | P65: NS 9416:2013 Land-based aquaculture facilities for fish | Q65: https://online.standard.no/nb/ns-9416-2013 | S65: B_Standards_Body | T65: pdf | U65: Standards Norway | V65: Norway | W65: Norwegian | X65: 2013 | Z65: Standards body | AA65: Technical standard | AB65: Referenced normative | AC65: Official referenced source from Standards Norway; included because an applicable law, permit or certification scheme may make its provisions binding within the approved scope. | AD65: HIGH | AE65: MEDIUM | AF65: MEDIUM | AG65: HIGH | AH65: MEDIUM | AI65: LOW | AJ65: PENDING | AM65: CURRENT | AN65: PA022 | AO65: Referenced by PA022. A revision project is active, so currency requires explicit monitoring. | AP65: OFFICIAL_WEBSITE | AQ65: OFFICIAL_ORIGINAL | AR65: VERSIONED
A66: SB004 | B66: SB004-001 | C66: SB004-001_NS_5814_2021_AC_2023_Requirements_for_risk_assessments.pdf | D66: NOT_COLLECTED | E66: =IF(A66="","",IF(OR(AJ66="EXCLUDE",COUNTIF(AD66:AH66,"LOW")>0),"EXCLUDE",IF(OR(AJ66<>"INCLUDE",F66<>"SUCCESS",D66<>"STORED",U66="",AP66="",AQ66="",AQ66="UNVERIFIED",AND(AP66="OFFICIAL_WEBSITE",Q66=""),AND(OR(AA66="Equipment manual / OEM instruction",AB66="Asset-specific normative"),OR(Z66<>"Manufacturer / supplier",AS66="",AC66=""))),"PENDING",IF(COUNTIF(AD66:AH66,"HIGH")=5,"INCLUDE","PENDING")))) | F66: PAYWALL_BLOCKED | I66: UNKNOWN | J66: NONE | K66: =IF(A66="","",IF(J66="AUTO",H66,IF(J66="MANUAL",AK66,""))) | L66: HTTP | M66: Official access is restricted by a paywall or licence; provide an authorised copy or retrieval route. | N66: =IF(A66="","",IF(COUNTIFS('Human Operation Desktop'!$A$3:$A$502,A66,'Human Operation Desktop'!$I$3:$I$502,"<>APPLIED",'Human Operation Desktop'!$I$3:$I$502,"<>REJECTED")>0,"YES","NO")) | P66: NS 5814:2021+AC:2023 Requirements for risk assessments | Q66: https://standard.no/fagomrader/risikostyring/ns-5814-krav-til-risikovurderinger/ | S66: B_Standards_Body | T66: pdf | U66: Standards Norway | V66: Norway | W66: Norwegian | X66: 2021+AC:2023 | Z66: Standards body | AA66: Technical standard | AB66: Guidance / interpretation | AC66: Official guidance from Standards Norway; included to interpret and operationalise linked normative requirements, not as independent legal or certification authority. | AD66: HIGH | AE66: MEDIUM | AF66: HIGH | AG66: HIGH | AH66: MEDIUM | AI66: LOW | AJ66: PENDING | AM66: CURRENT | AO66: Official expansion from Fiskeridirektoratet risk-management guidance. Include only if adopted by contract, policy or method. | AP66: OFFICIAL_WEBSITE | AQ66: OFFICIAL_ORIGINAL | AR66: VERSIONED
A67: SB005 | B67: SB005-001 | C67: SB005-001_NS-ISO_31000_2018_Risk_management_-_Guidelines.pdf | D67: NOT_COLLECTED | E67: =IF(A67="","",IF(OR(AJ67="EXCLUDE",COUNTIF(AD67:AH67,"LOW")>0),"EXCLUDE",IF(OR(AJ67<>"INCLUDE",F67<>"SUCCESS",D67<>"STORED",U67="",AP67="",AQ67="",AQ67="UNVERIFIED",AND(AP67="OFFICIAL_WEBSITE",Q67=""),AND(OR(AA67="Equipment manual / OEM instruction",AB67="Asset-specific normative"),OR(Z67<>"Manufacturer / supplier",AS67="",AC67=""))),"PENDING",IF(COUNTIF(AD67:AH67,"HIGH")=5,"INCLUDE","PENDING")))) | F67: PAYWALL_BLOCKED | I67: UNKNOWN | J67: NONE | K67: =IF(A67="","",IF(J67="AUTO",H67,IF(J67="MANUAL",AK67,""))) | L67: HTTP | M67: Official access is restricted by a paywall or licence; provide an authorised copy or retrieval route. | N67: =IF(A67="","",IF(COUNTIFS('Human Operation Desktop'!$A$3:$A$502,A67,'Human Operation Desktop'!$I$3:$I$502,"<>APPLIED",'Human Operation Desktop'!$I$3:$I$502,"<>REJECTED")>0,"YES","NO")) | P67: NS-ISO 31000:2018 Risk management - Guidelines | Q67: https://standard.no/fagomrader/risikostyring/iso-31000-risikostyring--retningslinjer/ | S67: B_Standards_Body | T67: pdf | U67: Standards Norway / ISO | V67: International | W67: Norwegian | X67: 2018 | Z67: Standards body | AA67: Technical standard | AB67: Guidance / interpretation | AC67: Official guidance from Standards Norway / ISO; included to interpret and operationalise linked normative requirements, not as independent legal or certification authority. | AD67: HIGH | AE67: MEDIUM | AF67: HIGH | AG67: HIGH | AH67: MEDIUM | AI67: LOW | AJ67: PENDING | AM67: CURRENT | AO67: Official expansion. Provides guidance rather than certifiable requirements unless contractually adopted. | AP67: OFFICIAL_WEBSITE | AQ67: OFFICIAL_ORIGINAL | AR67: VERSIONED
A68: SB006 | B68: SB006-001 | C68: SB006-001_NS-EN_ISO_9001_2015_Quality_management_systems_-_Requirements.pdf | D68: NOT_COLLECTED | E68: =IF(A68="","",IF(OR(AJ68="EXCLUDE",COUNTIF(AD68:AH68,"LOW")>0),"EXCLUDE",IF(OR(AJ68<>"INCLUDE",F68<>"SUCCESS",D68<>"STORED",U68="",AP68="",AQ68="",AQ68="UNVERIFIED",AND(AP68="OFFICIAL_WEBSITE",Q68=""),AND(OR(AA68="Equipment manual / OEM instruction",AB68="Asset-specific normative"),OR(Z68<>"Manufacturer / supplier",AS68="",AC68=""))),"PENDING",IF(COUNTIF(AD68:AH68,"HIGH")=5,"INCLUDE","PENDING")))) | F68: PAYWALL_BLOCKED | I68: UNKNOWN | J68: NONE | K68: =IF(A68="","",IF(J68="AUTO",H68,IF(J68="MANUAL",AK68,""))) | L68: HTTP | M68: Official access is restricted by a paywall or licence; provide an authorised copy or retrieval route. | N68: =IF(A68="","",IF(COUNTIFS('Human Operation Desktop'!$A$3:$A$502,A68,'Human Operation Desktop'!$I$3:$I$502,"<>APPLIED",'Human Operation Desktop'!$I$3:$I$502,"<>REJECTED")>0,"YES","NO")) | P68: NS-EN ISO 9001:2015 Quality management systems - Requirements | Q68: https://standard.no/fagomrader/kvalitetsstyring---iso-9000/ledelsessystemer-for-kvalitet--iso-9001/ | S68: B_Standards_Body | T68: pdf | U68: Standards Norway / ISO | V68: International | W68: Norwegian | X68: 2015 | Z68: Standards body | AA68: Technical standard | AB68: Referenced normative | AC68: Official referenced source from Standards Norway / ISO; included because an applicable law, permit or certification scheme may make its provisions binding within the approved scope. | AD68: HIGH | AE68: MEDIUM | AF68: HIGH | AG68: HIGH | AH68: MEDIUM | AI68: LOW | AJ68: PENDING | AM68: CURRENT | AO68: Official expansion from Fiskeridirektoratet risk-management guidance. Include only if client certification or contract makes it applicable. | AP68: OFFICIAL_WEBSITE | AQ68: OFFICIAL_ORIGINAL | AR68: VERSIONED
A69: SB007 | B69: SB007-001 | C69: SB007-001_NS_3424_2012_Condition_survey_of_construction_works_-_Content_and_execution.pdf | D69: NOT_COLLECTED | E69: =IF(A69="","",IF(OR(AJ69="EXCLUDE",COUNTIF(AD69:AH69,"LOW")>0),"EXCLUDE",IF(OR(AJ69<>"INCLUDE",F69<>"SUCCESS",D69<>"STORED",U69="",AP69="",AQ69="",AQ69="UNVERIFIED",AND(AP69="OFFICIAL_WEBSITE",Q69=""),AND(OR(AA69="Equipment manual / OEM instruction",AB69="Asset-specific normative"),OR(Z69<>"Manufacturer / supplier",AS69="",AC69=""))),"PENDING",IF(COUNTIF(AD69:AH69,"HIGH")=5,"INCLUDE","PENDING")))) | F69: PAYWALL_BLOCKED | I69: UNKNOWN | J69: NONE | K69: =IF(A69="","",IF(J69="AUTO",H69,IF(J69="MANUAL",AK69,""))) | L69: HTTP | M69: Official access is restricted by a paywall or licence; provide an authorised copy or retrieval route. | N69: =IF(A69="","",IF(COUNTIFS('Human Operation Desktop'!$A$3:$A$502,A69,'Human Operation Desktop'!$I$3:$I$502,"<>APPLIED",'Human Operation Desktop'!$I$3:$I$502,"<>REJECTED")>0,"YES","NO")) | P69: NS 3424:2012 Condition survey of construction works - Content and execution | Q69: https://online.standard.no/nb/ns-3424-2012 | S69: B_Standards_Body | T69: pdf | U69: Standards Norway | V69: Norway | W69: Norwegian | X69: 2012 | Z69: Standards body | AA69: Technical standard | AB69: Referenced normative | AC69: Official referenced source from Standards Norway; included because an applicable law, permit or certification scheme may make its provisions binding within the approved scope. | AD69: HIGH | AE69: MEDIUM | AF69: HIGH | AG69: HIGH | AH69: MEDIUM | AI69: LOW | AJ69: PENDING | AM69: CURRENT | AN69: PA022 | AO69: Directly referenced by PA057 for condition assessment of land-based facilities. Licensed access is required. | AP69: OFFICIAL_WEBSITE | AQ69: OFFICIAL_ORIGINAL | AR69: VERSIONED
A70: CS001 | B70: CS001-001 | C70: CS001-001_ASC_Farm_Standard.html | D70: STORED | E70: =IF(A70="","",IF(OR(AJ70="EXCLUDE",COUNTIF(AD70:AH70,"LOW")>0),"EXCLUDE",IF(OR(AJ70<>"INCLUDE",F70<>"SUCCESS",D70<>"STORED",U70="",AP70="",AQ70="",AQ70="UNVERIFIED",AND(AP70="OFFICIAL_WEBSITE",Q70=""),AND(OR(AA70="Equipment manual / OEM instruction",AB70="Asset-specific normative"),OR(Z70<>"Manufacturer / supplier",AS70="",AC70=""))),"PENDING",IF(COUNTIF(AD70:AH70,"HIGH")=5,"INCLUDE","PENDING")))) | F70: SUCCESS | G70: 46262.531 | H70: 46262.531 | I70: INITIAL | J70: AUTO | K70: =IF(A70="","",IF(J70="AUTO",H70,IF(J70="MANUAL",AK70,""))) | L70: NONE | N70: =IF(A70="","",IF(COUNTIFS('Human Operation Desktop'!$A$3:$A$502,A70,'Human Operation Desktop'!$I$3:$I$502,"<>APPLIED",'Human Operation Desktop'!$I$3:$I$502,"<>REJECTED")>0,"YES","NO")) | O70: a40846bb23436f8ab6c5971f8a33577660eaed1059861ee01cdb2ca3f60c062b | P70: ASC Farm Standard | Q70: https://programme-centre.asc-aqua.org/farm-v1/farm-standard/ | R70: https://programme-centre.asc-aqua.org/farm-v1/farm-standard/ | S70: C_Certification_Scheme | T70: html | U70: Aquaculture Stewardship Council | V70: International | W70: English | X70: 1.0.1A2 | Y70: 46239 | Z70: Certification scheme | AA70: Scheme standard | AB70: Primary normative | AC70: Official scheme standard issued by Aquaculture Stewardship Council; included because it may impose binding requirements on an in-scope aquaculture asset, activity, permit or certification. | AD70: HIGH | AE70: HIGH | AF70: HIGH | AG70: HIGH | AH70: HIGH | AI70: HIGH | AJ70: INCLUDE | AM70: CURRENT | AO70: Project-mentioned candidate. Official source is newer than the repository PDF; certification scope still requires confirmation. | AP70: OFFICIAL_WEBSITE | AQ70: OFFICIAL_ORIGINAL | AR70: VERSIONED
A71: CS002 | B71: CS002-001 | C71: CS002-001_ASC_Farm_Standard_Interpretation_Manual.html | D71: STORED | E71: =IF(A71="","",IF(OR(AJ71="EXCLUDE",COUNTIF(AD71:AH71,"LOW")>0),"EXCLUDE",IF(OR(AJ71<>"INCLUDE",F71<>"SUCCESS",D71<>"STORED",U71="",AP71="",AQ71="",AQ71="UNVERIFIED",AND(AP71="OFFICIAL_WEBSITE",Q71=""),AND(OR(AA71="Equipment manual / OEM instruction",AB71="Asset-specific normative"),OR(Z71<>"Manufacturer / supplier",AS71="",AC71=""))),"PENDING",IF(COUNTIF(AD71:AH71,"HIGH")=5,"INCLUDE","PENDING")))) | F71: SUCCESS | G71: 46262.531 | H71: 46262.531 | I71: INITIAL | J71: AUTO | K71: =IF(A71="","",IF(J71="AUTO",H71,IF(J71="MANUAL",AK71,""))) | L71: NONE | N71: =IF(A71="","",IF(COUNTIFS('Human Operation Desktop'!$A$3:$A$502,A71,'Human Operation Desktop'!$I$3:$I$502,"<>APPLIED",'Human Operation Desktop'!$I$3:$I$502,"<>REJECTED")>0,"YES","NO")) | O71: 44da418c7669b1b9162a153aa76389722f9d0e6415864d2618b5d381e82232ea | P71: ASC Farm Standard Interpretation Manual | Q71: https://programme-centre.asc-aqua.org/farm-v1/farm-interpretation/ | R71: https://programme-centre.asc-aqua.org/farm-v1/farm-interpretation/ | S71: C_Certification_Scheme | T71: html | U71: Aquaculture Stewardship Council | V71: International | W71: English | X71: 1.0.1 | Y71: 45901 | Z71: Certification scheme | AA71: Interpretation document | AB71: Guidance / interpretation | AC71: Official guidance from Aquaculture Stewardship Council; included to interpret and operationalise linked normative requirements, not as independent legal or certification authority. | AD71: HIGH | AE71: HIGH | AF71: HIGH | AG71: HIGH | AH71: HIGH | AI71: HIGH | AJ71: INCLUDE | AM71: CURRENT | AN71: CS001 | AO71: Project-mentioned source. The repository copy is an obsolete draft; use the official current manual. | AP71: OFFICIAL_WEBSITE | AQ71: OFFICIAL_ORIGINAL | AR71: VERSIONED
A72: CS003 | B72: CS003-001 | C72: CS003-001_ASC_Salmon_Audit_Manual.pdf | D72: STORED | E72: =IF(A72="","",IF(OR(AJ72="EXCLUDE",COUNTIF(AD72:AH72,"LOW")>0),"EXCLUDE",IF(OR(AJ72<>"INCLUDE",F72<>"SUCCESS",D72<>"STORED",U72="",AP72="",AQ72="",AQ72="UNVERIFIED",AND(AP72="OFFICIAL_WEBSITE",Q72=""),AND(OR(AA72="Equipment manual / OEM instruction",AB72="Asset-specific normative"),OR(Z72<>"Manufacturer / supplier",AS72="",AC72=""))),"PENDING",IF(COUNTIF(AD72:AH72,"HIGH")=5,"INCLUDE","PENDING")))) | F72: SUCCESS | G72: 46262.531 | H72: 46262.531 | I72: INITIAL | J72: AUTO | K72: =IF(A72="","",IF(J72="AUTO",H72,IF(J72="MANUAL",AK72,""))) | L72: NONE | N72: =IF(A72="","",IF(COUNTIFS('Human Operation Desktop'!$A$3:$A$502,A72,'Human Operation Desktop'!$I$3:$I$502,"<>APPLIED",'Human Operation Desktop'!$I$3:$I$502,"<>REJECTED")>0,"YES","NO")) | O72: 911b716d6e4f9aacc1e0c7999dbcf1e009f08c3b322269c748d867006521e76d | P72: ASC Salmon Audit Manual | Q72: https://asc-aqua.org/producers/asc-standards/species-standards/salmon-cod/ | R72: https://asc-aqua.org/wp-content/uploads/2023/04/ASC-Salmon-Audit-Manual_v1.4.pdf | S72: C_Certification_Scheme | T72: pdf | U72: Aquaculture Stewardship Council | V72: International | W72: English | X72: 1.4 | Z72: Certification scheme | AA72: Audit / assessment document | AB72: Audit / assessment tool | AC72: Official assessment tool from Aquaculture Stewardship Council; included to structure compliance checks and trace evidence back to its linked normative source. | AD72: HIGH | AE72: HIGH | AF72: HIGH | AG72: HIGH | AH72: HIGH | AI72: HIGH | AJ72: INCLUDE | AM72: CURRENT | AN72: CS004 | AO72: Repository-held assessment tool. Trace extracted requirements to the applicable normative ASC standard. | AP72: OFFICIAL_WEBSITE | AQ72: OFFICIAL_ORIGINAL | AR72: VERSIONED
A73: CS004 | B73: CS004-001 | C73: CS004-001_ASC_Salmon_and_Cod_Standard.pdf | D73: STORED | E73: =IF(A73="","",IF(OR(AJ73="EXCLUDE",COUNTIF(AD73:AH73,"LOW")>0),"EXCLUDE",IF(OR(AJ73<>"INCLUDE",F73<>"SUCCESS",D73<>"STORED",U73="",AP73="",AQ73="",AQ73="UNVERIFIED",AND(AP73="OFFICIAL_WEBSITE",Q73=""),AND(OR(AA73="Equipment manual / OEM instruction",AB73="Asset-specific normative"),OR(Z73<>"Manufacturer / supplier",AS73="",AC73=""))),"PENDING",IF(COUNTIF(AD73:AH73,"HIGH")=5,"INCLUDE","PENDING")))) | F73: SUCCESS | G73: 46262.531 | H73: 46262.531 | I73: INITIAL | J73: AUTO | K73: =IF(A73="","",IF(J73="AUTO",H73,IF(J73="MANUAL",AK73,""))) | L73: NONE | N73: =IF(A73="","",IF(COUNTIFS('Human Operation Desktop'!$A$3:$A$502,A73,'Human Operation Desktop'!$I$3:$I$502,"<>APPLIED",'Human Operation Desktop'!$I$3:$I$502,"<>REJECTED")>0,"YES","NO")) | O73: a34e5f4fc78486136ddbf3d661d26aad85e4b8a1990b2e6eda3f3ac1df7f7b5c | P73: ASC Salmon and Cod Standard | Q73: https://asc-aqua.org/producers/asc-standards/species-standards/salmon-cod/ | R73: https://asc-aqua.org/wp-content/uploads/2025/10/ASC-STD-010-ASC-Salmon-and-Cod-Standard-V1.5-Oct-2025-1.pdf | S73: C_Certification_Scheme | T73: pdf | U73: Aquaculture Stewardship Council | V73: International | W73: English | X73: 1.5 | Y73: 45943 | Z73: Certification scheme | AA73: Scheme standard | AB73: Primary normative | AC73: Official scheme standard issued by Aquaculture Stewardship Council; included because it may impose binding requirements on an in-scope aquaculture asset, activity, permit or certification. | AD73: HIGH | AE73: HIGH | AF73: HIGH | AG73: HIGH | AH73: HIGH | AI73: HIGH | AJ73: INCLUDE | AM73: CURRENT | AO73: Project-mentioned candidate. Include while the species standard remains applicable during ASC transition. | AP73: OFFICIAL_WEBSITE | AQ73: OFFICIAL_ORIGINAL | AR73: VERSIONED
A74: CS005 | B74: CS005-001 | C74: CS005-001_ASC_Farm_and_Feed_Certification_and_Accreditation_Requirements.pdf | D74: STORED | E74: =IF(A74="","",IF(OR(AJ74="EXCLUDE",COUNTIF(AD74:AH74,"LOW")>0),"EXCLUDE",IF(OR(AJ74<>"INCLUDE",F74<>"SUCCESS",D74<>"STORED",U74="",AP74="",AQ74="",AQ74="UNVERIFIED",AND(AP74="OFFICIAL_WEBSITE",Q74=""),AND(OR(AA74="Equipment manual / OEM instruction",AB74="Asset-specific normative"),OR(Z74<>"Manufacturer / supplier",AS74="",AC74=""))),"PENDING",IF(COUNTIF(AD74:AH74,"HIGH")=5,"INCLUDE","PENDING")))) | F74: SUCCESS | G74: 46262.531 | H74: 46262.531 | I74: INITIAL | J74: AUTO | K74: =IF(A74="","",IF(J74="AUTO",H74,IF(J74="MANUAL",AK74,""))) | L74: NONE | N74: =IF(A74="","",IF(COUNTIFS('Human Operation Desktop'!$A$3:$A$502,A74,'Human Operation Desktop'!$I$3:$I$502,"<>APPLIED",'Human Operation Desktop'!$I$3:$I$502,"<>REJECTED")>0,"YES","NO")) | O74: 77e1d87383382fda4f27dc9be79937cc3017ce350b8b1d436a74500561083838 | P74: ASC Farm and Feed Certification and Accreditation Requirements | Q74: https://programme-centre.asc-aqua.org/resource-hub/?filter=farm | R74: https://programme-centre.asc-aqua.org/app/uploads/2025/04/ASC-CAR-001-ASC-Farm-and-Feed-CAR-V1.0-May-2025.pdf | S74: C_Certification_Scheme | T74: pdf | U74: Aquaculture Stewardship Council | V74: International | W74: English | X74: 1.0 | Z74: Certification scheme | AA74: Scheme standard | AB74: Referenced normative | AC74: Official referenced source from Aquaculture Stewardship Council; included because an applicable law, permit or certification scheme may make its provisions binding within the approved scope. | AD74: HIGH | AE74: HIGH | AF74: HIGH | AG74: HIGH | AH74: HIGH | AI74: HIGH | AJ74: INCLUDE | AM74: CURRENT | AN74: CS001 | AO74: Official expansion. The ASC Farm Standard identifies this CAR as normative. | AP74: OFFICIAL_WEBSITE | AQ74: OFFICIAL_ORIGINAL | AR74: VERSIONED
A75: CS006 | B75: CS006-001 | C75: CS006-001_ASC_Group_Requirements_for_Farms.pdf | D75: NOT_COLLECTED | E75: =IF(A75="","",IF(OR(AJ75="EXCLUDE",COUNTIF(AD75:AH75,"LOW")>0),"EXCLUDE",IF(OR(AJ75<>"INCLUDE",F75<>"SUCCESS",D75<>"STORED",U75="",AP75="",AQ75="",AQ75="UNVERIFIED",AND(AP75="OFFICIAL_WEBSITE",Q75=""),AND(OR(AA75="Equipment manual / OEM instruction",AB75="Asset-specific normative"),OR(Z75<>"Manufacturer / supplier",AS75="",AC75=""))),"PENDING",IF(COUNTIF(AD75:AH75,"HIGH")=5,"INCLUDE","PENDING")))) | F75: NOT_RUN | I75: UNKNOWN | J75: NONE | K75: =IF(A75="","",IF(J75="AUTO",H75,IF(J75="MANUAL",AK75,""))) | L75: NONE | N75: =IF(A75="","",IF(COUNTIFS('Human Operation Desktop'!$A$3:$A$502,A75,'Human Operation Desktop'!$I$3:$I$502,"<>APPLIED",'Human Operation Desktop'!$I$3:$I$502,"<>REJECTED")>0,"YES","NO")) | P75: ASC Group Requirements for Farms | Q75: https://programme-centre.asc-aqua.org/resource-hub/?filter=farm | S75: C_Certification_Scheme | T75: pdf | U75: Aquaculture Stewardship Council | V75: International | W75: English | X75: 1.0 | Z75: Certification scheme | AA75: Scheme standard | AB75: Referenced normative | AC75: Official referenced source from Aquaculture Stewardship Council; included because an applicable law, permit or certification scheme may make its provisions binding within the approved scope. | AD75: HIGH | AE75: MEDIUM | AF75: MEDIUM | AG75: MEDIUM | AH75: HIGH | AI75: LOW | AJ75: PENDING | AM75: CURRENT | AN75: CS001 | AO75: Official expansion. Conditional on group certification structure. | AP75: OFFICIAL_WEBSITE | AQ75: OFFICIAL_ORIGINAL | AR75: VERSIONED
A76: CS007 | B76: CS007-001 | C76: CS007-001_ASC_Data_Submission_Procedure.pdf | D76: NOT_COLLECTED | E76: =IF(A76="","",IF(OR(AJ76="EXCLUDE",COUNTIF(AD76:AH76,"LOW")>0),"EXCLUDE",IF(OR(AJ76<>"INCLUDE",F76<>"SUCCESS",D76<>"STORED",U76="",AP76="",AQ76="",AQ76="UNVERIFIED",AND(AP76="OFFICIAL_WEBSITE",Q76=""),AND(OR(AA76="Equipment manual / OEM instruction",AB76="Asset-specific normative"),OR(Z76<>"Manufacturer / supplier",AS76="",AC76=""))),"PENDING",IF(COUNTIF(AD76:AH76,"HIGH")=5,"INCLUDE","PENDING")))) | F76: NOT_RUN | I76: UNKNOWN | J76: NONE | K76: =IF(A76="","",IF(J76="AUTO",H76,IF(J76="MANUAL",AK76,""))) | L76: NONE | N76: =IF(A76="","",IF(COUNTIFS('Human Operation Desktop'!$A$3:$A$502,A76,'Human Operation Desktop'!$I$3:$I$502,"<>APPLIED",'Human Operation Desktop'!$I$3:$I$502,"<>REJECTED")>0,"YES","NO")) | P76: ASC Data Submission Procedure | Q76: https://programme-centre.asc-aqua.org/resource-hub/?filter=farm | S76: C_Certification_Scheme | T76: pdf | U76: Aquaculture Stewardship Council | V76: International | W76: English | X76: 1.0 | Z76: Certification scheme | AA76: Scheme standard | AB76: Referenced normative | AC76: Official referenced source from Aquaculture Stewardship Council; included because an applicable law, permit or certification scheme may make its provisions binding within the approved scope. | AD76: HIGH | AE76: HIGH | AF76: MEDIUM | AG76: MEDIUM | AH76: HIGH | AI76: LOW | AJ76: PENDING | AM76: CURRENT | AN76: CS001 | AO76: Official expansion. The ASC Farm Standard lists this procedure among normative references. | AP76: OFFICIAL_WEBSITE | AQ76: OFFICIAL_ORIGINAL | AR76: VERSIONED
A77: CS008 | B77: CS008-001 | C77: CS008-001_GLOBALG.A.P._IFA_v6_Smart_for_aquaculture_-_Principles_and_criteria.pdf | D77: NOT_COLLECTED | E77: =IF(A77="","",IF(OR(AJ77="EXCLUDE",COUNTIF(AD77:AH77,"LOW")>0),"EXCLUDE",IF(OR(AJ77<>"INCLUDE",F77<>"SUCCESS",D77<>"STORED",U77="",AP77="",AQ77="",AQ77="UNVERIFIED",AND(AP77="OFFICIAL_WEBSITE",Q77=""),AND(OR(AA77="Equipment manual / OEM instruction",AB77="Asset-specific normative"),OR(Z77<>"Manufacturer / supplier",AS77="",AC77=""))),"PENDING",IF(COUNTIF(AD77:AH77,"HIGH")=5,"INCLUDE","PENDING")))) | F77: NOT_RUN | I77: UNKNOWN | J77: NONE | K77: =IF(A77="","",IF(J77="AUTO",H77,IF(J77="MANUAL",AK77,""))) | L77: NONE | N77: =IF(A77="","",IF(COUNTIFS('Human Operation Desktop'!$A$3:$A$502,A77,'Human Operation Desktop'!$I$3:$I$502,"<>APPLIED",'Human Operation Desktop'!$I$3:$I$502,"<>REJECTED")>0,"YES","NO")) | P77: GLOBALG.A.P. IFA v6 Smart for aquaculture - Principles and criteria | Q77: https://globalgap.org/what-we-offer/solutions/ifa-aquaculture/ | S77: C_Certification_Scheme | T77: pdf | U77: GLOBALG.A.P. | V77: International | W77: English | X77: V6 | Z77: Certification scheme | AA77: Scheme standard | AB77: Primary normative | AC77: Official scheme standard issued by GLOBALG.A.P.; included because it may impose binding requirements on an in-scope aquaculture asset, activity, permit or certification. | AD77: HIGH | AE77: HIGH | AF77: MEDIUM | AG77: MEDIUM | AH77: HIGH | AI77: LOW | AJ77: PENDING | AM77: CURRENT | AO77: Project-mentioned scheme source. The repository contains the checklist, but the P&C document is the primary normative source. | AP77: OFFICIAL_WEBSITE | AQ77: OFFICIAL_ORIGINAL | AR77: VERSIONED
A78: CS009 | B78: CS009-001 | C78: CS009-001_GLOBALG.A.P._IFA_v6_Smart_for_aquaculture_-_Checklist.xlsx | D78: NOT_COLLECTED | E78: =IF(A78="","",IF(OR(AJ78="EXCLUDE",COUNTIF(AD78:AH78,"LOW")>0),"EXCLUDE",IF(OR(AJ78<>"INCLUDE",F78<>"SUCCESS",D78<>"STORED",U78="",AP78="",AQ78="",AQ78="UNVERIFIED",AND(AP78="OFFICIAL_WEBSITE",Q78=""),AND(OR(AA78="Equipment manual / OEM instruction",AB78="Asset-specific normative"),OR(Z78<>"Manufacturer / supplier",AS78="",AC78=""))),"PENDING",IF(COUNTIF(AD78:AH78,"HIGH")=5,"INCLUDE","PENDING")))) | F78: NOT_RUN | I78: UNKNOWN | J78: NONE | K78: =IF(A78="","",IF(J78="AUTO",H78,IF(J78="MANUAL",AK78,""))) | L78: NONE | N78: =IF(A78="","",IF(COUNTIFS('Human Operation Desktop'!$A$3:$A$502,A78,'Human Operation Desktop'!$I$3:$I$502,"<>APPLIED",'Human Operation Desktop'!$I$3:$I$502,"<>REJECTED")>0,"YES","NO")) | P78: GLOBALG.A.P. IFA v6 Smart for aquaculture - Checklist | Q78: https://globalgap.org/what-we-offer/solutions/ifa-aquaculture/ | S78: C_Certification_Scheme | T78: xlsx | U78: GLOBALG.A.P. | V78: International | W78: English | X78: V6 | Z78: Certification scheme | AA78: Audit / assessment document | AB78: Audit / assessment tool | AC78: Official assessment tool from GLOBALG.A.P.; included to structure compliance checks and trace evidence back to its linked normative source. | AD78: HIGH | AE78: HIGH | AF78: MEDIUM | AG78: MEDIUM | AH78: HIGH | AI78: LOW | AJ78: PENDING | AM78: CURRENT | AN78: CS008 | AO78: Repository-held assessment artifact. Official distribution may be ZIP/XLSX; trace requirements to CS008. | AP78: OFFICIAL_WEBSITE | AQ78: OFFICIAL_ORIGINAL | AR78: VERSIONED
A79: CS010 | B79: CS010-001 | C79: CS010-001_GLOBALG.A.P._General_Regulations_-_Rules_for_aquaculture_scope.pdf | D79: STORED | E79: =IF(A79="","",IF(OR(AJ79="EXCLUDE",COUNTIF(AD79:AH79,"LOW")>0),"EXCLUDE",IF(OR(AJ79<>"INCLUDE",F79<>"SUCCESS",D79<>"STORED",U79="",AP79="",AQ79="",AQ79="UNVERIFIED",AND(AP79="OFFICIAL_WEBSITE",Q79=""),AND(OR(AA79="Equipment manual / OEM instruction",AB79="Asset-specific normative"),OR(Z79<>"Manufacturer / supplier",AS79="",AC79=""))),"PENDING",IF(COUNTIF(AD79:AH79,"HIGH")=5,"INCLUDE","PENDING")))) | F79: SUCCESS | G79: 46262.531 | H79: 46262.531 | I79: INITIAL | J79: AUTO | K79: =IF(A79="","",IF(J79="AUTO",H79,IF(J79="MANUAL",AK79,""))) | L79: NONE | N79: =IF(A79="","",IF(COUNTIFS('Human Operation Desktop'!$A$3:$A$502,A79,'Human Operation Desktop'!$I$3:$I$502,"<>APPLIED",'Human Operation Desktop'!$I$3:$I$502,"<>REJECTED")>0,"YES","NO")) | O79: ce5c8950c69e3b5b60b85110f5abd2c6d8637c83291c6c00ac03f28b102dac54 | P79: GLOBALG.A.P. General Regulations - Rules for aquaculture scope | Q79: https://globalgap.org/what-we-offer/solutions/ifa-aquaculture/ | R79: https://documents.globalgap.org/documents/220929_GG_GR_Rules_for_aquaculture_v6_0_Sep22_en.pdf | S79: C_Certification_Scheme | T79: pdf | U79: GLOBALG.A.P. | V79: International | W79: English | X79: 6.0 | Z79: Certification scheme | AA79: Scheme standard | AB79: Referenced normative | AC79: Official referenced source from GLOBALG.A.P.; included because an applicable law, permit or certification scheme may make its provisions binding within the approved scope. | AD79: HIGH | AE79: HIGH | AF79: HIGH | AG79: HIGH | AH79: HIGH | AI79: HIGH | AJ79: INCLUDE | AM79: CURRENT | AN79: CS008 | AO79: Official expansion. GLOBALG.A.P. identifies the general regulations as required for certification. | AP79: OFFICIAL_WEBSITE | AQ79: OFFICIAL_ORIGINAL | AR79: VERSIONED
A80: CS011 | B80: CS011-001 | C80: CS011-001_GLOBALG.A.P._GRASP_v2_-_Principles_and_criteria.pdf | D80: STORED | E80: =IF(A80="","",IF(OR(AJ80="EXCLUDE",COUNTIF(AD80:AH80,"LOW")>0),"EXCLUDE",IF(OR(AJ80<>"INCLUDE",F80<>"SUCCESS",D80<>"STORED",U80="",AP80="",AQ80="",AQ80="UNVERIFIED",AND(AP80="OFFICIAL_WEBSITE",Q80=""),AND(OR(AA80="Equipment manual / OEM instruction",AB80="Asset-specific normative"),OR(Z80<>"Manufacturer / supplier",AS80="",AC80=""))),"PENDING",IF(COUNTIF(AD80:AH80,"HIGH")=5,"INCLUDE","PENDING")))) | F80: SUCCESS | G80: 46262.531 | H80: 46262.531 | I80: INITIAL | J80: AUTO | K80: =IF(A80="","",IF(J80="AUTO",H80,IF(J80="MANUAL",AK80,""))) | L80: NONE | N80: =IF(A80="","",IF(COUNTIFS('Human Operation Desktop'!$A$3:$A$502,A80,'Human Operation Desktop'!$I$3:$I$502,"<>APPLIED",'Human Operation Desktop'!$I$3:$I$502,"<>REJECTED")>0,"YES","NO")) | O80: 5b5c05855c1b0c422755facc234a7d4584eb37f8671421885d7dcc62f9a0e9e8 | P80: GLOBALG.A.P. GRASP v2 - Principles and criteria | Q80: https://globalgap.org/what-we-offer/solutions/grasp/ | R80: https://documents.globalgap.org/documents/220929_GRASP_PCs_v2_0_Sep22_en.pdf | S80: C_Certification_Scheme | T80: pdf | U80: GLOBALG.A.P. | V80: International | W80: English | X80: 2.0_Sep22 | Z80: Certification scheme | AA80: Scheme standard | AB80: Referenced normative | AC80: Official referenced source from GLOBALG.A.P.; included because an applicable law, permit or certification scheme may make its provisions binding within the approved scope. | AD80: HIGH | AE80: HIGH | AF80: HIGH | AG80: HIGH | AH80: HIGH | AI80: HIGH | AJ80: INCLUDE | AM80: CURRENT | AN80: CS008 | AO80: Official expansion. GLOBALG.A.P. states GRASP is mandatory for IFA aquaculture audits. | AP80: OFFICIAL_WEBSITE | AQ80: OFFICIAL_ORIGINAL | AR80: VERSIONED
A81: CS012 | B81: CS012-001 | C81: CS012-001_GLOBALG.A.P._Compound_Feed_Manufacturing_Standard.pdf | D81: NOT_COLLECTED | E81: =IF(A81="","",IF(OR(AJ81="EXCLUDE",COUNTIF(AD81:AH81,"LOW")>0),"EXCLUDE",IF(OR(AJ81<>"INCLUDE",F81<>"SUCCESS",D81<>"STORED",U81="",AP81="",AQ81="",AQ81="UNVERIFIED",AND(AP81="OFFICIAL_WEBSITE",Q81=""),AND(OR(AA81="Equipment manual / OEM instruction",AB81="Asset-specific normative"),OR(Z81<>"Manufacturer / supplier",AS81="",AC81=""))),"PENDING",IF(COUNTIF(AD81:AH81,"HIGH")=5,"INCLUDE","PENDING")))) | F81: NOT_RUN | I81: UNKNOWN | J81: NONE | K81: =IF(A81="","",IF(J81="AUTO",H81,IF(J81="MANUAL",AK81,""))) | L81: NONE | N81: =IF(A81="","",IF(COUNTIFS('Human Operation Desktop'!$A$3:$A$502,A81,'Human Operation Desktop'!$I$3:$I$502,"<>APPLIED",'Human Operation Desktop'!$I$3:$I$502,"<>REJECTED")>0,"YES","NO")) | P81: GLOBALG.A.P. Compound Feed Manufacturing Standard | Q81: https://globalgap.org/what-we-offer/solutions/compound-feed-manufacturing/ | S81: C_Certification_Scheme | T81: pdf | U81: GLOBALG.A.P. | V81: International | W81: English | Z81: Certification scheme | AA81: Scheme standard | AB81: Referenced normative | AC81: Official referenced source from GLOBALG.A.P.; included because an applicable law, permit or certification scheme may make its provisions binding within the approved scope. | AD81: HIGH | AE81: HIGH | AF81: MEDIUM | AG81: MEDIUM | AH81: HIGH | AI81: LOW | AJ81: PENDING | AM81: CURRENT | AN81: CS008 | AO81: Official expansion. Relevant to feed-sourcing requirements under IFA aquaculture. | AP81: OFFICIAL_WEBSITE | AQ81: OFFICIAL_ORIGINAL | AR81: VERSIONED
A82: CS013 | B82: CS013-001 | C82: CS013-001_GLOBALG.A.P._General_Regulations_-_Rules_for_individual_producers.pdf | D82: STORED | E82: =IF(A82="","",IF(OR(AJ82="EXCLUDE",COUNTIF(AD82:AH82,"LOW")>0),"EXCLUDE",IF(OR(AJ82<>"INCLUDE",F82<>"SUCCESS",D82<>"STORED",U82="",AP82="",AQ82="",AQ82="UNVERIFIED",AND(AP82="OFFICIAL_WEBSITE",Q82=""),AND(OR(AA82="Equipment manual / OEM instruction",AB82="Asset-specific normative"),OR(Z82<>"Manufacturer / supplier",AS82="",AC82=""))),"PENDING",IF(COUNTIF(AD82:AH82,"HIGH")=5,"INCLUDE","PENDING")))) | F82: SUCCESS | G82: 46262.531 | H82: 46262.531 | I82: INITIAL | J82: AUTO | K82: =IF(A82="","",IF(J82="AUTO",H82,IF(J82="MANUAL",AK82,""))) | L82: NONE | N82: =IF(A82="","",IF(COUNTIFS('Human Operation Desktop'!$A$3:$A$502,A82,'Human Operation Desktop'!$I$3:$I$502,"<>APPLIED",'Human Operation Desktop'!$I$3:$I$502,"<>REJECTED")>0,"YES","NO")) | O82: 1015d3e9d049ce63876f8e511408e9d9e61c38598caf48442dc42be26c6d2716 | P82: GLOBALG.A.P. General Regulations - Rules for individual producers | Q82: https://globalgap.org/what-we-offer/solutions/ifa-aquaculture/ | R82: https://documents.globalgap.org/documents/240902_GG_GR_Rules_for_IP_v6_0_Aug24_en.pdf | S82: C_Certification_Scheme | T82: pdf | U82: GLOBALG.A.P. | V82: International | W82: English | X82: 6.0_Aug24 | Y82: 45510 | Z82: Certification scheme | AA82: Scheme standard | AB82: Referenced normative | AC82: Official referenced source from GLOBALG.A.P.; included because an applicable law, permit or certification scheme may make its provisions binding within the approved scope. | AD82: HIGH | AE82: MEDIUM | AF82: HIGH | AG82: HIGH | AH82: HIGH | AI82: HIGH | AJ82: PENDING | AM82: CURRENT | AN82: CS008 | AO82: Coverage-audit expansion. The project checklist explicitly cites these rules for individual-producer self-assessment and certification. | AP82: OFFICIAL_WEBSITE | AQ82: OFFICIAL_ORIGINAL | AR82: VERSIONED
A83: CS014 | B83: CS014-001 | C83: CS014-001_GLOBALG.A.P._General_Regulations_-_Rules_for_producer_groups_and_multisite_producers_with_QMS.pdf | D83: STORED | E83: =IF(A83="","",IF(OR(AJ83="EXCLUDE",COUNTIF(AD83:AH83,"LOW")>0),"EXCLUDE",IF(OR(AJ83<>"INCLUDE",F83<>"SUCCESS",D83<>"STORED",U83="",AP83="",AQ83="",AQ83="UNVERIFIED",AND(AP83="OFFICIAL_WEBSITE",Q83=""),AND(OR(AA83="Equipment manual / OEM instruction",AB83="Asset-specific normative"),OR(Z83<>"Manufacturer / supplier",AS83="",AC83=""))),"PENDING",IF(COUNTIF(AD83:AH83,"HIGH")=5,"INCLUDE","PENDING")))) | F83: SUCCESS | G83: 46262.531 | H83: 46262.531 | I83: INITIAL | J83: AUTO | K83: =IF(A83="","",IF(J83="AUTO",H83,IF(J83="MANUAL",AK83,""))) | L83: NONE | N83: =IF(A83="","",IF(COUNTIFS('Human Operation Desktop'!$A$3:$A$502,A83,'Human Operation Desktop'!$I$3:$I$502,"<>APPLIED",'Human Operation Desktop'!$I$3:$I$502,"<>REJECTED")>0,"YES","NO")) | O83: 28042ea052f0ef9fe863d94d9035ef3fe4b390ef0f51c304eeb677cf22156dcf | P83: GLOBALG.A.P. General Regulations - Rules for producer groups and multisite producers with QMS | Q83: https://globalgap.org/what-we-offer/solutions/ifa-aquaculture/ | R83: https://documents.globalgap.org/documents/240902_GG_GR_Rules_for_QMS_v6_0_Aug24_en.pdf | S83: C_Certification_Scheme | T83: pdf | U83: GLOBALG.A.P. | V83: International | W83: English | X83: 6.0_Aug24 | Y83: 45510 | Z83: Certification scheme | AA83: Scheme standard | AB83: Referenced normative | AC83: Official referenced source from GLOBALG.A.P.; included because an applicable law, permit or certification scheme may make its provisions binding within the approved scope. | AD83: HIGH | AE83: MEDIUM | AF83: HIGH | AG83: HIGH | AH83: HIGH | AI83: HIGH | AJ83: PENDING | AM83: CURRENT | AN83: CS008 | AO83: Coverage-audit expansion. The project checklist explicitly cites these rules for QMS audits and group or multisite certification. | AP83: OFFICIAL_WEBSITE | AQ83: OFFICIAL_ORIGINAL | AR83: VERSIONED
A84: CS015 | B84: CS015-001 | C84: CS015-001_GLOBALG.A.P._trademarks_use_Policy_and_guidelines.pdf | D84: STORED | E84: =IF(A84="","",IF(OR(AJ84="EXCLUDE",COUNTIF(AD84:AH84,"LOW")>0),"EXCLUDE",IF(OR(AJ84<>"INCLUDE",F84<>"SUCCESS",D84<>"STORED",U84="",AP84="",AQ84="",AQ84="UNVERIFIED",AND(AP84="OFFICIAL_WEBSITE",Q84=""),AND(OR(AA84="Equipment manual / OEM instruction",AB84="Asset-specific normative"),OR(Z84<>"Manufacturer / supplier",AS84="",AC84=""))),"PENDING",IF(COUNTIF(AD84:AH84,"HIGH")=5,"INCLUDE","PENDING")))) | F84: SUCCESS | G84: 46262.531 | H84: 46262.531 | I84: INITIAL | J84: AUTO | K84: =IF(A84="","",IF(J84="AUTO",H84,IF(J84="MANUAL",AK84,""))) | L84: NONE | N84: =IF(A84="","",IF(COUNTIFS('Human Operation Desktop'!$A$3:$A$502,A84,'Human Operation Desktop'!$I$3:$I$502,"<>APPLIED",'Human Operation Desktop'!$I$3:$I$502,"<>REJECTED")>0,"YES","NO")) | O84: 7279130c3617610cebaaceb4ecae44014f8df742aa4a7ac741a4e4346a066096 | P84: GLOBALG.A.P. trademarks use: Policy and guidelines | Q84: https://globalgap.org/what-we-offer/solutions/ifa-aquaculture/ | R84: https://documents.globalgap.org/documents/230523_GG_Trademarks_policy_v1_0-1_en.pdf | S84: C_Certification_Scheme | T84: pdf | U84: GLOBALG.A.P. | V84: International | W84: English | X84: 1.0-1 | Z84: Certification scheme | AA84: Scheme standard | AB84: Referenced normative | AC84: Official referenced source from GLOBALG.A.P.; included because an applicable law, permit or certification scheme may make its provisions binding within the approved scope. | AD84: HIGH | AE84: HIGH | AF84: HIGH | AG84: HIGH | AH84: HIGH | AI84: HIGH | AJ84: INCLUDE | AM84: CURRENT | AN84: CS008 | AO84: Coverage-audit expansion. The project checklist cites this policy for certification claims, marks and identification numbers. | AP84: OFFICIAL_WEBSITE | AQ84: OFFICIAL_ORIGINAL | AR84: VERSIONED
A85: CS016 | B85: CS016-001 | C85: CS016-001_GLOBALG.A.P._GRASP_-_General_Rules.pdf | D85: STORED | E85: =IF(A85="","",IF(OR(AJ85="EXCLUDE",COUNTIF(AD85:AH85,"LOW")>0),"EXCLUDE",IF(OR(AJ85<>"INCLUDE",F85<>"SUCCESS",D85<>"STORED",U85="",AP85="",AQ85="",AQ85="UNVERIFIED",AND(AP85="OFFICIAL_WEBSITE",Q85=""),AND(OR(AA85="Equipment manual / OEM instruction",AB85="Asset-specific normative"),OR(Z85<>"Manufacturer / supplier",AS85="",AC85=""))),"PENDING",IF(COUNTIF(AD85:AH85,"HIGH")=5,"INCLUDE","PENDING")))) | F85: SUCCESS | G85: 46262.531 | H85: 46262.531 | I85: INITIAL | J85: AUTO | K85: =IF(A85="","",IF(J85="AUTO",H85,IF(J85="MANUAL",AK85,""))) | L85: NONE | N85: =IF(A85="","",IF(COUNTIFS('Human Operation Desktop'!$A$3:$A$502,A85,'Human Operation Desktop'!$I$3:$I$502,"<>APPLIED",'Human Operation Desktop'!$I$3:$I$502,"<>REJECTED")>0,"YES","NO")) | O85: 57c35d150287f8092a9af4a79842d206e1761e9428cf9201d828f9ac563a96e5 | P85: GLOBALG.A.P. GRASP - General Rules | Q85: https://globalgap.org/what-we-offer/solutions/grasp/ | R85: https://documents.globalgap.org/documents/220929_GRASP_general_rules_v2_0_Sep22_en.pdf | S85: C_Certification_Scheme | T85: pdf | U85: GLOBALG.A.P. | V85: International | W85: English | X85: 2.0_Sep22 | Y85: 45292 | Z85: Certification scheme | AA85: Scheme standard | AB85: Referenced normative | AC85: Official referenced source from GLOBALG.A.P.; included because an applicable law, permit or certification scheme may make its provisions binding within the approved scope. | AD85: HIGH | AE85: HIGH | AF85: HIGH | AG85: HIGH | AH85: HIGH | AI85: HIGH | AJ85: INCLUDE | AM85: CURRENT | AN85: CS011 | AO85: Coverage-audit expansion. GRASP is mandatory for IFA v6 aquaculture and these rules define its application and assessment process. | AP85: OFFICIAL_WEBSITE | AQ85: OFFICIAL_ORIGINAL | AR85: VERSIONED
A86: CS017 | B86: CS017-001 | C86: CS017-001_GLOBALG.A.P._GRASP_v2_National_Interpretation_Guideline_for_Norway.pdf | D86: NOT_COLLECTED | E86: =IF(A86="","",IF(OR(AJ86="EXCLUDE",COUNTIF(AD86:AH86,"LOW")>0),"EXCLUDE",IF(OR(AJ86<>"INCLUDE",F86<>"SUCCESS",D86<>"STORED",U86="",AP86="",AQ86="",AQ86="UNVERIFIED",AND(AP86="OFFICIAL_WEBSITE",Q86=""),AND(OR(AA86="Equipment manual / OEM instruction",AB86="Asset-specific normative"),OR(Z86<>"Manufacturer / supplier",AS86="",AC86=""))),"PENDING",IF(COUNTIF(AD86:AH86,"HIGH")=5,"INCLUDE","PENDING")))) | F86: NOT_RUN | I86: UNKNOWN | J86: NONE | K86: =IF(A86="","",IF(J86="AUTO",H86,IF(J86="MANUAL",AK86,""))) | L86: NONE | N86: =IF(A86="","",IF(COUNTIFS('Human Operation Desktop'!$A$3:$A$502,A86,'Human Operation Desktop'!$I$3:$I$502,"<>APPLIED",'Human Operation Desktop'!$I$3:$I$502,"<>REJECTED")>0,"YES","NO")) | P86: GLOBALG.A.P. GRASP v2 National Interpretation Guideline for Norway | Q86: https://globalgap.org/what-we-offer/solutions/grasp/ | S86: C_Certification_Scheme | T86: pdf | U86: GLOBALG.A.P. | V86: Norway | W86: Norwegian | X86: V2 | Z86: Certification scheme | AA86: Interpretation document | AB86: Referenced normative | AC86: Official referenced source from GLOBALG.A.P.; included because an applicable law, permit or certification scheme may make its provisions binding within the approved scope. | AD86: HIGH | AE86: HIGH | AF86: MEDIUM | AG86: MEDIUM | AH86: HIGH | AI86: LOW | AJ86: PENDING | AM86: CURRENT | AN86: CS011 | AO86: Coverage-audit expansion. An existing country NIG must be applied; confirm the current Norway document and direct download in the GLOBALG.A.P. document center. | AP86: OFFICIAL_WEBSITE | AQ86: OFFICIAL_ORIGINAL | AR86: VERSIONED
A87: CS018 | B87: CS018-001 | C87: CS018-001_ASC_Vocabulary.pdf | D87: NOT_COLLECTED | E87: =IF(A87="","",IF(OR(AJ87="EXCLUDE",COUNTIF(AD87:AH87,"LOW")>0),"EXCLUDE",IF(OR(AJ87<>"INCLUDE",F87<>"SUCCESS",D87<>"STORED",U87="",AP87="",AQ87="",AQ87="UNVERIFIED",AND(AP87="OFFICIAL_WEBSITE",Q87=""),AND(OR(AA87="Equipment manual / OEM instruction",AB87="Asset-specific normative"),OR(Z87<>"Manufacturer / supplier",AS87="",AC87=""))),"PENDING",IF(COUNTIF(AD87:AH87,"HIGH")=5,"INCLUDE","PENDING")))) | F87: NOT_RUN | I87: UNKNOWN | J87: NONE | K87: =IF(A87="","",IF(J87="AUTO",H87,IF(J87="MANUAL",AK87,""))) | L87: NONE | N87: =IF(A87="","",IF(COUNTIFS('Human Operation Desktop'!$A$3:$A$502,A87,'Human Operation Desktop'!$I$3:$I$502,"<>APPLIED",'Human Operation Desktop'!$I$3:$I$502,"<>REJECTED")>0,"YES","NO")) | P87: ASC Vocabulary | Q87: https://programme-centre.asc-aqua.org/resource-hub/?filter=farm | S87: C_Certification_Scheme | T87: pdf | U87: Aquaculture Stewardship Council | V87: International | W87: English | Z87: Certification scheme | AA87: Scheme standard | AB87: Referenced normative | AC87: Official referenced source from Aquaculture Stewardship Council; included because an applicable law, permit or certification scheme may make its provisions binding within the approved scope. | AD87: HIGH | AE87: HIGH | AF87: MEDIUM | AG87: MEDIUM | AH87: HIGH | AI87: LOW | AJ87: PENDING | AM87: CURRENT | AN87: CS001 | AO87: Official coverage expansion. The current ASC Farm Standard lists the vocabulary as a normative reference; direct-file traceability still requires confirmation. | AP87: OFFICIAL_WEBSITE | AQ87: OFFICIAL_ORIGINAL | AR87: VERSIONED
A88: CS019 | B88: CS019-001 | C88: CS019-001_ASC_Data_Submission_Requirements.pdf | D88: NOT_COLLECTED | E88: =IF(A88="","",IF(OR(AJ88="EXCLUDE",COUNTIF(AD88:AH88,"LOW")>0),"EXCLUDE",IF(OR(AJ88<>"INCLUDE",F88<>"SUCCESS",D88<>"STORED",U88="",AP88="",AQ88="",AQ88="UNVERIFIED",AND(AP88="OFFICIAL_WEBSITE",Q88=""),AND(OR(AA88="Equipment manual / OEM instruction",AB88="Asset-specific normative"),OR(Z88<>"Manufacturer / supplier",AS88="",AC88=""))),"PENDING",IF(COUNTIF(AD88:AH88,"HIGH")=5,"INCLUDE","PENDING")))) | F88: NOT_RUN | I88: UNKNOWN | J88: NONE | K88: =IF(A88="","",IF(J88="AUTO",H88,IF(J88="MANUAL",AK88,""))) | L88: NONE | N88: =IF(A88="","",IF(COUNTIFS('Human Operation Desktop'!$A$3:$A$502,A88,'Human Operation Desktop'!$I$3:$I$502,"<>APPLIED",'Human Operation Desktop'!$I$3:$I$502,"<>REJECTED")>0,"YES","NO")) | P88: ASC Data Submission Requirements | Q88: https://programme-centre.asc-aqua.org/resource-hub/?filter=farm | S88: C_Certification_Scheme | T88: pdf | U88: Aquaculture Stewardship Council | V88: International | W88: English | Z88: Certification scheme | AA88: Scheme standard | AB88: Referenced normative | AC88: Official referenced source from Aquaculture Stewardship Council; included because an applicable law, permit or certification scheme may make its provisions binding within the approved scope. | AD88: HIGH | AE88: HIGH | AF88: MEDIUM | AG88: MEDIUM | AH88: HIGH | AI88: LOW | AJ88: PENDING | AM88: CURRENT | AN88: CS001 | AO88: Official coverage expansion. The current ASC Farm Standard lists data submission requirements as a normative reference; direct-file traceability still requires confirmation. | AP88: OFFICIAL_WEBSITE | AQ88: OFFICIAL_ORIGINAL | AR88: VERSIONED
A89: CS020 | B89: CS020-001 | C89: CS020-001_GLOBALG.A.P._GRASP_v2_-_Checklist.xlsx | D89: NOT_COLLECTED | E89: =IF(A89="","",IF(OR(AJ89="EXCLUDE",COUNTIF(AD89:AH89,"LOW")>0),"EXCLUDE",IF(OR(AJ89<>"INCLUDE",F89<>"SUCCESS",D89<>"STORED",U89="",AP89="",AQ89="",AQ89="UNVERIFIED",AND(AP89="OFFICIAL_WEBSITE",Q89=""),AND(OR(AA89="Equipment manual / OEM instruction",AB89="Asset-specific normative"),OR(Z89<>"Manufacturer / supplier",AS89="",AC89=""))),"PENDING",IF(COUNTIF(AD89:AH89,"HIGH")=5,"INCLUDE","PENDING")))) | F89: NOT_RUN | I89: UNKNOWN | J89: NONE | K89: =IF(A89="","",IF(J89="AUTO",H89,IF(J89="MANUAL",AK89,""))) | L89: NONE | N89: =IF(A89="","",IF(COUNTIFS('Human Operation Desktop'!$A$3:$A$502,A89,'Human Operation Desktop'!$I$3:$I$502,"<>APPLIED",'Human Operation Desktop'!$I$3:$I$502,"<>REJECTED")>0,"YES","NO")) | P89: GLOBALG.A.P. GRASP v2 - Checklist | Q89: https://globalgap.org/what-we-offer/solutions/grasp/ | S89: C_Certification_Scheme | T89: xlsx | U89: GLOBALG.A.P. | V89: International | W89: English | X89: V2 | Z89: Certification scheme | AA89: Audit / assessment document | AB89: Audit / assessment tool | AC89: Official assessment tool from GLOBALG.A.P.; included to structure compliance checks and trace evidence back to its linked normative source. | AD89: HIGH | AE89: HIGH | AF89: HIGH | AG89: MEDIUM | AH89: HIGH | AI89: LOW | AJ89: PENDING | AM89: CURRENT | AN89: CS011 | AO89: Official coverage expansion. Assessment tool linked to CS011 and CS016; direct-file URL must be confirmed before automated retrieval. | AP89: OFFICIAL_WEBSITE | AQ89: OFFICIAL_ORIGINAL | AR89: VERSIONED
E90: =IF(A90="","",IF(OR(AJ90="EXCLUDE",COUNTIF(AD90:AH90,"LOW")>0),"EXCLUDE",IF(OR(AJ90<>"INCLUDE",F90<>"SUCCESS",D90<>"STORED",U90="",AP90="",AQ90="",AQ90="UNVERIFIED",AND(AP90="OFFICIAL_WEBSITE",Q90=""),AND(OR(AA90="Equipment manual / OEM instruction",AB90="Asset-specific normative"),OR(Z90<>"Manufacturer / supplier",AS90="",AC90=""))),"PENDING",IF(COUNTIF(AD90:AH90,"HIGH")=5,"INCLUDE","PENDING")))) | K90: =IF(A90="","",IF(J90="AUTO",H90,IF(J90="MANUAL",AK90,""))) | N90: =IF(A90="","",IF(COUNTIFS('Human Operation Desktop'!$A$3:$A$502,A90,'Human Operation Desktop'!$I$3:$I$502,"<>APPLIED",'Human Operation Desktop'!$I$3:$I$502,"<>REJECTED")>0,"YES","NO"))
E91: =IF(A91="","",IF(OR(AJ91="EXCLUDE",COUNTIF(AD91:AH91,"LOW")>0),"EXCLUDE",IF(OR(AJ91<>"INCLUDE",F91<>"SUCCESS",D91<>"STORED",U91="",AP91="",AQ91="",AQ91="UNVERIFIED",AND(AP91="OFFICIAL_WEBSITE",Q91=""),AND(OR(AA91="Equipment manual / OEM instruction",AB91="Asset-specific normative"),OR(Z91<>"Manufacturer / supplier",AS91="",AC91=""))),"PENDING",IF(COUNTIF(AD91:AH91,"HIGH")=5,"INCLUDE","PENDING")))) | K91: =IF(A91="","",IF(J91="AUTO",H91,IF(J91="MANUAL",AK91,""))) | N91: =IF(A91="","",IF(COUNTIFS('Human Operation Desktop'!$A$3:$A$502,A91,'Human Operation Desktop'!$I$3:$I$502,"<>APPLIED",'Human Operation Desktop'!$I$3:$I$502,"<>REJECTED")>0,"YES","NO"))
E92: =IF(A92="","",IF(OR(AJ92="EXCLUDE",COUNTIF(AD92:AH92,"LOW")>0),"EXCLUDE",IF(OR(AJ92<>"INCLUDE",F92<>"SUCCESS",D92<>"STORED",U92="",AP92="",AQ92="",AQ92="UNVERIFIED",AND(AP92="OFFICIAL_WEBSITE",Q92=""),AND(OR(AA92="Equipment manual / OEM instruction",AB92="Asset-specific normative"),OR(Z92<>"Manufacturer / supplier",AS92="",AC92=""))),"PENDING",IF(COUNTIF(AD92:AH92,"HIGH")=5,"INCLUDE","PENDING")))) | K92: =IF(A92="","",IF(J92="AUTO",H92,IF(J92="MANUAL",AK92,""))) | N92: =IF(A92="","",IF(COUNTIFS('Human Operation Desktop'!$A$3:$A$502,A92,'Human Operation Desktop'!$I$3:$I$502,"<>APPLIED",'Human Operation Desktop'!$I$3:$I$502,"<>REJECTED")>0,"YES","NO"))
E93: =IF(A93="","",IF(OR(AJ93="EXCLUDE",COUNTIF(AD93:AH93,"LOW")>0),"EXCLUDE",IF(OR(AJ93<>"INCLUDE",F93<>"SUCCESS",D93<>"STORED",U93="",AP93="",AQ93="",AQ93="UNVERIFIED",AND(AP93="OFFICIAL_WEBSITE",Q93=""),AND(OR(AA93="Equipment manual / OEM instruction",AB93="Asset-specific normative"),OR(Z93<>"Manufacturer / supplier",AS93="",AC93=""))),"PENDING",IF(COUNTIF(AD93:AH93,"HIGH")=5,"INCLUDE","PENDING")))) | K93: =IF(A93="","",IF(J93="AUTO",H93,IF(J93="MANUAL",AK93,""))) | N93: =IF(A93="","",IF(COUNTIFS('Human Operation Desktop'!$A$3:$A$502,A93,'Human Operation Desktop'!$I$3:$I$502,"<>APPLIED",'Human Operation Desktop'!$I$3:$I$502,"<>REJECTED")>0,"YES","NO"))
E94: =IF(A94="","",IF(OR(AJ94="EXCLUDE",COUNTIF(AD94:AH94,"LOW")>0),"EXCLUDE",IF(OR(AJ94<>"INCLUDE",F94<>"SUCCESS",D94<>"STORED",U94="",AP94="",AQ94="",AQ94="UNVERIFIED",AND(AP94="OFFICIAL_WEBSITE",Q94=""),AND(OR(AA94="Equipment manual / OEM instruction",AB94="Asset-specific normative"),OR(Z94<>"Manufacturer / supplier",AS94="",AC94=""))),"PENDING",IF(COUNTIF(AD94:AH94,"HIGH")=5,"INCLUDE","PENDING")))) | K94: =IF(A94="","",IF(J94="AUTO",H94,IF(J94="MANUAL",AK94,""))) | N94: =IF(A94="","",IF(COUNTIFS('Human Operation Desktop'!$A$3:$A$502,A94,'Human Operation Desktop'!$I$3:$I$502,"<>APPLIED",'Human Operation Desktop'!$I$3:$I$502,"<>REJECTED")>0,"YES","NO"))
E95: =IF(A95="","",IF(OR(AJ95="EXCLUDE",COUNTIF(AD95:AH95,"LOW")>0),"EXCLUDE",IF(OR(AJ95<>"INCLUDE",F95<>"SUCCESS",D95<>"STORED",U95="",AP95="",AQ95="",AQ95="UNVERIFIED",AND(AP95="OFFICIAL_WEBSITE",Q95=""),AND(OR(AA95="Equipment manual / OEM instruction",AB95="Asset-specific normative"),OR(Z95<>"Manufacturer / supplier",AS95="",AC95=""))),"PENDING",IF(COUNTIF(AD95:AH95,"HIGH")=5,"INCLUDE","PENDING")))) | K95: =IF(A95="","",IF(J95="AUTO",H95,IF(J95="MANUAL",AK95,""))) | N95: =IF(A95="","",IF(COUNTIFS('Human Operation Desktop'!$A$3:$A$502,A95,'Human Operation Desktop'!$I$3:$I$502,"<>APPLIED",'Human Operation Desktop'!$I$3:$I$502,"<>REJECTED")>0,"YES","NO"))
E96: =IF(A96="","",IF(OR(AJ96="EXCLUDE",COUNTIF(AD96:AH96,"LOW")>0),"EXCLUDE",IF(OR(AJ96<>"INCLUDE",F96<>"SUCCESS",D96<>"STORED",U96="",AP96="",AQ96="",AQ96="UNVERIFIED",AND(AP96="OFFICIAL_WEBSITE",Q96=""),AND(OR(AA96="Equipment manual / OEM instruction",AB96="Asset-specific normative"),OR(Z96<>"Manufacturer / supplier",AS96="",AC96=""))),"PENDING",IF(COUNTIF(AD96:AH96,"HIGH")=5,"INCLUDE","PENDING")))) | K96: =IF(A96="","",IF(J96="AUTO",H96,IF(J96="MANUAL",AK96,""))) | N96: =IF(A96="","",IF(COUNTIFS('Human Operation Desktop'!$A$3:$A$502,A96,'Human Operation Desktop'!$I$3:$I$502,"<>APPLIED",'Human Operation Desktop'!$I$3:$I$502,"<>REJECTED")>0,"YES","NO"))
E97: =IF(A97="","",IF(OR(AJ97="EXCLUDE",COUNTIF(AD97:AH97,"LOW")>0),"EXCLUDE",IF(OR(AJ97<>"INCLUDE",F97<>"SUCCESS",D97<>"STORED",U97="",AP97="",AQ97="",AQ97="UNVERIFIED",AND(AP97="OFFICIAL_WEBSITE",Q97=""),AND(OR(AA97="Equipment manual / OEM instruction",AB97="Asset-specific normative"),OR(Z97<>"Manufacturer / supplier",AS97="",AC97=""))),"PENDING",IF(COUNTIF(AD97:AH97,"HIGH")=5,"INCLUDE","PENDING")))) | K97: =IF(A97="","",IF(J97="AUTO",H97,IF(J97="MANUAL",AK97,""))) | N97: =IF(A97="","",IF(COUNTIFS('Human Operation Desktop'!$A$3:$A$502,A97,'Human Operation Desktop'!$I$3:$I$502,"<>APPLIED",'Human Operation Desktop'!$I$3:$I$502,"<>REJECTED")>0,"YES","NO"))
E98: =IF(A98="","",IF(OR(AJ98="EXCLUDE",COUNTIF(AD98:AH98,"LOW")>0),"EXCLUDE",IF(OR(AJ98<>"INCLUDE",F98<>"SUCCESS",D98<>"STORED",U98="",AP98="",AQ98="",AQ98="UNVERIFIED",AND(AP98="OFFICIAL_WEBSITE",Q98=""),AND(OR(AA98="Equipment manual / OEM instruction",AB98="Asset-specific normative"),OR(Z98<>"Manufacturer / supplier",AS98="",AC98=""))),"PENDING",IF(COUNTIF(AD98:AH98,"HIGH")=5,"INCLUDE","PENDING")))) | K98: =IF(A98="","",IF(J98="AUTO",H98,IF(J98="MANUAL",AK98,""))) | N98: =IF(A98="","",IF(COUNTIFS('Human Operation Desktop'!$A$3:$A$502,A98,'Human Operation Desktop'!$I$3:$I$502,"<>APPLIED",'Human Operation Desktop'!$I$3:$I$502,"<>REJECTED")>0,"YES","NO"))
E99: =IF(A99="","",IF(OR(AJ99="EXCLUDE",COUNTIF(AD99:AH99,"LOW")>0),"EXCLUDE",IF(OR(AJ99<>"INCLUDE",F99<>"SUCCESS",D99<>"STORED",U99="",AP99="",AQ99="",AQ99="UNVERIFIED",AND(AP99="OFFICIAL_WEBSITE",Q99=""),AND(OR(AA99="Equipment manual / OEM instruction",AB99="Asset-specific normative"),OR(Z99<>"Manufacturer / supplier",AS99="",AC99=""))),"PENDING",IF(COUNTIF(AD99:AH99,"HIGH")=5,"INCLUDE","PENDING")))) | K99: =IF(A99="","",IF(J99="AUTO",H99,IF(J99="MANUAL",AK99,""))) | N99: =IF(A99="","",IF(COUNTIFS('Human Operation Desktop'!$A$3:$A$502,A99,'Human Operation Desktop'!$I$3:$I$502,"<>APPLIED",'Human Operation Desktop'!$I$3:$I$502,"<>REJECTED")>0,"YES","NO"))
E100: =IF(A100="","",IF(OR(AJ100="EXCLUDE",COUNTIF(AD100:AH100,"LOW")>0),"EXCLUDE",IF(OR(AJ100<>"INCLUDE",F100<>"SUCCESS",D100<>"STORED",U100="",AP100="",AQ100="",AQ100="UNVERIFIED",AND(AP100="OFFICIAL_WEBSITE",Q100=""),AND(OR(AA100="Equipment manual / OEM instruction",AB100="Asset-specific normative"),OR(Z100<>"Manufacturer / supplier",AS100="",AC100=""))),"PENDING",IF(COUNTIF(AD100:AH100,"HIGH")=5,"INCLUDE","PENDING")))) | K100: =IF(A100="","",IF(J100="AUTO",H100,IF(J100="MANUAL",AK100,""))) | N100: =IF(A100="","",IF(COUNTIFS('Human Operation Desktop'!$A$3:$A$502,A100,'Human Operation Desktop'!$I$3:$I$502,"<>APPLIED",'Human Operation Desktop'!$I$3:$I$502,"<>REJECTED")>0,"YES","NO"))
...

Sheet Dashboard
A1: SYSTEM1 SOURCE MANAGEMENT DASHBOARD
A2: Read-only operational status. Use Human Operation Desktop for every human action.
A4: TOTAL SOURCES | C4: INCLUDED | E4: NEEDS ACTION SOURCES | G4: OPEN TASKS | I4: OLDEST OPEN (DAYS) | K4: LAST DATA UPDATE | M4: AUTOMATION
A5: =COUNTA('Source Register'!$A$3:$A$302) | C5: =COUNTIF('Source Register'!$E$3:$E$302,"INCLUDE") | E5: =COUNTIF('Source Register'!$N$3:$N$302,"YES") | G5: =COUNTIF('Human Operation Desktop'!$I$3:$I$502,"PENDING")+COUNTIF('Human Operation Desktop'!$I$3:$I$502,"WAITING_FOR_HUMAN")+COUNTIF('Human Operation Desktop'!$I$3:$I$502,"NEEDS_REPLAN") | I5: =MAX(0,IFERROR(INT(TODAY()-MINIFS('Human Operation Desktop'!$AQ$3:$AQ$502,'Human Operation Desktop'!$I$3:$I$502,"PENDING",'Human Operation Desktop'!$AQ$3:$AQ$502,">0")),0)) | K5: =MAX(MAX('Source Register'!$G$3:$G$302),MAX('Human Operation Desktop'!$AP$3:$AP$502)) | M5: USER CONFIGURED
A8: MONTHLY RANDOM QA
A9: LAST CHECK | C9: CORRECT / CHECKED | E9: ACCURACY | G9: OPEN QA
A10: =MAX(MAXIFS('Human Operation Desktop'!$AO$3:$AO$502,'Human Operation Desktop'!$C$3:$C$502,"RANDOM_QA_CHECK"),MAXIFS('Human Operation Desktop'!$AO$3:$AO$502,'Human Operation Desktop'!$C$3:$C$502,"RANDOM_QA_BATCH_SUMMARY")) | C10: =(7+COUNTIFS('Human Operation Desktop'!$C$3:$C$502,"RANDOM_QA_CHECK",'Human Operation Desktop'!$F$3:$F$502,"CORRECT"))&" / "&(7+COUNTIFS('Human Operation Desktop'!$C$3:$C$502,"RANDOM_QA_CHECK",'Human Operation Desktop'!$F$3:$F$502,"<>PENDING")) | E10: =IFERROR((7+COUNTIFS('Human Operation Desktop'!$C$3:$C$502,"RANDOM_QA_CHECK",'Human Operation Desktop'!$F$3:$F$502,"CORRECT"))/(7+COUNTIFS('Human Operation Desktop'!$C$3:$C$502,"RANDOM_QA_CHECK",'Human Operation Desktop'!$F$3:$F$502,"<>PENDING")),0) | G10: =COUNTIFS('Human Operation Desktop'!$C$3:$C$502,"RANDOM_QA_CHECK",'Human Operation Desktop'!$I$3:$I$502,"PENDING")+COUNTIFS('Human Operation Desktop'!$C$3:$C$502,"RANDOM_QA_CHECK",'Human Operation Desktop'!$I$3:$I$502,"WAITING_FOR_HUMAN")
A12: Monthly QA is created on the last day of the month. Missed month-end batches are created on the next run.
A15: OPEN HUMAN WORK | First 15 tasks; use Human Operation Desktop for the complete queue
A16: source_id | B16: source_title | C16: task_type | D16: issue_summary | E16: requested_action | F16: program_status | K16: SELECTION STATUS | L16: COUNT
A17: CS013 | B17: GLOBALG.A.P. General Regulations - Rules for individual producers | C17: SOURCE_REVIEW | D17: DUPLICATE_OFFICIAL_URL; SELECTION_PENDING | E17: Confirm whether this record is a distinct source, correct its identity, or exclude it. | Review the human-governed source fields and choose INCLUDE, PENDING or EXCLUDE in Human Operation Desktop. | F17: PENDING | K17: INCLUDE | L17: =COUNTIF('Source Register'!$E$3:$E$302,"INCLUDE")
A18: CS014 | B18: GLOBALG.A.P. General Regulations - Rules for producer groups and multisite producers with QMS | C18: SOURCE_REVIEW | D18: DUPLICATE_OFFICIAL_URL; SELECTION_PENDING | E18: Confirm whether this record is a distinct source, correct its identity, or exclude it. | Review the human-governed source fields and choose INCLUDE, PENDING or EXCLUDE in Human Operation Desktop. | F18: PENDING | K18: PENDING | L18: =COUNTIF('Source Register'!$E$3:$E$302,"PENDING")
A19: PA006 | B19: Organic Production and Labelling Regulations | C19: SELECTION_REVIEW | D19: SELECTION_PENDING | E19: Review the human-governed source fields and choose INCLUDE, PENDING or EXCLUDE in Human Operation Desktop. | F19: PENDING | K19: EXCLUDE | L19: =COUNTIF('Source Register'!$E$3:$E$302,"EXCLUDE")
A20: PA008 | B20: Water Framework Regulations | C20: SELECTION_REVIEW | D20: SELECTION_PENDING | E20: Review the human-governed source fields and choose INCLUDE, PENDING or EXCLUDE in Human Operation Desktop. | F20: PENDING
A21: PA014 | B21: Animal Health Personnel Act | C21: SELECTION_REVIEW | D21: SELECTION_PENDING | E21: Review the human-governed source fields and choose INCLUDE, PENDING or EXCLUDE in Human Operation Desktop. | F21: PENDING
A22: PA018 | B22: Ship Safety and Security Act | C22: SELECTION_REVIEW | D22: SELECTION_PENDING | E22: Review the human-governed source fields and choose INCLUDE, PENDING or EXCLUDE in Human Operation Desktop. | F22: PENDING
A23: PA019 | B23: Regulation on transport of aquaculture animals | C23: SELECTION_REVIEW | D23: SELECTION_PENDING | E23: Review the human-governed source fields and choose INCLUDE, PENDING or EXCLUDE in Human Operation Desktop. | F23: PENDING
A24: PA020 | B24: Regulation on slaughterhouses and processing facilities for aquaculture animals | C24: SELECTION_REVIEW | D24: SELECTION_PENDING | E24: Review the human-governed source fields and choose INCLUDE, PENDING or EXCLUDE in Human Operation Desktop. | F24: PENDING
A25: PA021 | B25: Regulation on permits for aquaculture of salmon, trout and rainbow trout (Salmon Allocation Regulations) | C25: SELECTION_REVIEW | D25: SELECTION_PENDING | E25: Review the human-governed source fields and choose INCLUDE, PENDING or EXCLUDE in Human Operation Desktop. | F25: PENDING
A26: PA022 | B26: Regulation on technical standards for land-based aquaculture facilities for fish | C26: SELECTION_REVIEW | D26: SELECTION_PENDING | E26: Review the human-governed source fields and choose INCLUDE, PENDING or EXCLUDE in Human Operation Desktop. | F26: PENDING
A27: PA028 | B27: Norwegian Aquaculture Register | C27: SELECTION_REVIEW | D27: SELECTION_PENDING | E27: Review the human-governed source fields and choose INCLUDE, PENDING or EXCLUDE in Human Operation Desktop. | F27: PENDING
A28: PA030 | B28: Regulation on special requirements for aquaculture-related activities in or near national salmon rivers and fjords | C28: SELECTION_REVIEW | D28: SELECTION_PENDING | E28: Review the human-governed source fields and choose INCLUDE, PENDING or EXCLUDE in Human Operation Desktop. | F28: PENDING
A29: PA033 | B29: Regulation on catch-based aquaculture | C29: SELECTION_REVIEW | D29: SELECTION_PENDING | E29: Review the human-governed source fields and choose INCLUDE, PENDING or EXCLUDE in Human Operation Desktop. | F29: PENDING
A30: PA034 | B30: Regulation on coordination and time limits for processing aquaculture applications | C30: SELECTION_REVIEW | D30: SELECTION_PENDING | E30: Review the human-governed source fields and choose INCLUDE, PENDING or EXCLUDE in Human Operation Desktop. | F30: PENDING
A31: PA035 | B31: Regulation on reactions for violations of the Aquaculture Act | C31: SELECTION_REVIEW | D31: SELECTION_PENDING | E31: Review the human-governed source fields and choose INCLUDE, PENDING or EXCLUDE in Human Operation Desktop. | F31: PENDING
A34: RUNNING THE SYSTEM
A35: Manual run | B35: Use the platform launcher in the System1 root folder.
A36: Schedule | B36: Edit Code/config/schedule.json and register it with the platform-specific script. The workbook contains no macros or run buttons.
A37: Safety | B37: Excel-open and process locks defer the run. Backups and temporary-file replacement protect the registry.
A38: Next step | B38: Open Human Operation Desktop to complete pending work.

Sheet Human Operation Desktop
A1: OPERATOR WORK QUEUE | K1: SOURCE CORRECTIONS | UNHIDE ONLY WHEN REQUESTED | W1: CANDIDATE DETAILS | UNHIDE ONLY FOR NEW SOURCES | AN1: PROGRAM SUPPORT | DO NOT EDIT
A2: source_id | B2: source_title | C2: task_type | D2: issue_summary | E2: requested_action | F2: operator_action | G2: operator | H2: operator_note | I2: program_status | J2: program_result | K2: official_url | L2: retrieval_url | M2: authority_quality | N2: scope_relevance | O2: version_currency | P2: traceability | Q2: access_permission | R2: operator_selection_decision | S2: applicability_reference | T2: source_status | U2: primary_source_id | V2: source_notes | W2: intake_file | X2: folder_code | Y2: issuer | Z2: jurisdiction | AA2: document_type | AB2: source_family | AC2: requirement_role | AD2: authoritative_language | AE2: file_format | AF2: version | AG2: effective_date | AH2: inclusion_rationale | AI2: automation_readiness | AJ2: acquisition_channel | AK2: provenance_status | AL2: update_model | AM2: candidate_origin | AN2: operation_id | AO2: checked_at | AP2: program_operated_at | AQ2: created_at | AR2: payload_json
A3: CS013 | B3: GLOBALG.A.P. General Regulations - Rules for individual producers | C3: SOURCE_REVIEW | D3: DUPLICATE_OFFICIAL_URL; SELECTION_PENDING | E3: Confirm whether this record is a distinct source, correct its identity, or exclude it. | Review the human-governed source fields and choose INCLUDE, PENDING or EXCLUDE in Human Operation Desktop. | F3: PENDING | I3: PENDING | J3: The official URL is shared by 6 current source records. | operator_selection_decision is PENDING; mandatory assessment is not HIGH: scope_relevance. | K3: https://globalgap.org/what-we-offer/solutions/ifa-aquaculture/ | L3: https://documents.globalgap.org/documents/240902_GG_GR_Rules_for_IP_v6_0_Aug24_en.pdf | M3: HIGH | N3: MEDIUM | O3: HIGH | P3: HIGH | Q3: HIGH | R3: PENDING | T3: CURRENT | U3: CS008 | V3: Coverage-audit expansion. The project checklist explicitly cites these rules for individual-producer self-assessment and certification. | X3: C_Certification_Scheme | Y3: GLOBALG.A.P. | Z3: International | AA3: Scheme standard | AB3: Certification scheme | AC3: Referenced normative | AD3: English | AE3: pdf | AF3: 6.0_Aug24 | AG3: 45510 | AH3: Official referenced source from GLOBALG.A.P.; included because an applicable law, permit or certification scheme may make its provisions binding within the approved scope. | AI3: HIGH | AJ3: OFFICIAL_WEBSITE | AK3: OFFICIAL_ORIGINAL | AL3: VERSIONED | AN3: REV-5a38e2c846da87f2 | AQ3: 46265.417 | AR3: {"action": "APPLY_FIELD_UPDATES", "issue_codes": ["DUPLICATE_OFFICIAL_URL", "SELECTION_PENDING"], "retry_after_apply": false, "review_fingerprint": "eb2894cb08d4626f", "source_fingerprint": "e6a4205a11d929b9b54e", "source_id": "CS013", "updates": {}}
A4: CS014 | B4: GLOBALG.A.P. General Regulations - Rules for producer groups and multisite producers with QMS | C4: SOURCE_REVIEW | D4: DUPLICATE_OFFICIAL_URL; SELECTION_PENDING | E4: Confirm whether this record is a distinct source, correct its identity, or exclude it. | Review the human-governed source fields and choose INCLUDE, PENDING or EXCLUDE in Human Operation Desktop. | F4: PENDING | I4: PENDING | J4: The official URL is shared by 6 current source records. | operator_selection_decision is PENDING; mandatory assessment is not HIGH: scope_relevance. | K4: https://globalgap.org/what-we-offer/solutions/ifa-aquaculture/ | L4: https://documents.globalgap.org/documents/240902_GG_GR_Rules_for_QMS_v6_0_Aug24_en.pdf | M4: HIGH | N4: MEDIUM | O4: HIGH | P4: HIGH | Q4: HIGH | R4: PENDING | T4: CURRENT | U4: CS008 | V4: Coverage-audit expansion. The project checklist explicitly cites these rules for QMS audits and group or multisite certification. | X4: C_Certification_Scheme | Y4: GLOBALG.A.P. | Z4: International | AA4: Scheme standard | AB4: Certification scheme | AC4: Referenced normative | AD4: English | AE4: pdf | AF4: 6.0_Aug24 | AG4: 45510 | AH4: Official referenced source from GLOBALG.A.P.; included because an applicable law, permit or certification scheme may make its provisions binding within the approved scope. | AI4: HIGH | AJ4: OFFICIAL_WEBSITE | AK4: OFFICIAL_ORIGINAL | AL4: VERSIONED | AN4: REV-778299194db7ebbc | AQ4: 46265.417 | AR4: {"action": "APPLY_FIELD_UPDATES", "issue_codes": ["DUPLICATE_OFFICIAL_URL", "SELECTION_PENDING"], "retry_after_apply": false, "review_fingerprint": "579da8d5875e55dd", "source_fingerprint": "c027994bba7cd614ba90", "source_id": "CS014", "updates": {}}
A5: PA006 | B5: Organic Production and Labelling Regulations | C5: SELECTION_REVIEW | D5: SELECTION_PENDING | E5: Review the human-governed source fields and choose INCLUDE, PENDING or EXCLUDE in Human Operation Desktop. | F5: PENDING | I5: PENDING | J5: operator_selection_decision is PENDING; mandatory assessment is not HIGH: scope_relevance. | K5: https://lovdata.no/dokument/SF/forskrift/2022-06-11-1171 | L5: https://lovdata.no/dokument/SF/forskrift/2022-06-11-1171 | M5: HIGH | N5: MEDIUM | O5: HIGH | P5: HIGH | Q5: HIGH | R5: PENDING | T5: CURRENT | V5: Project-mentioned candidate. Include only for organic production or labelling scope. | X5: A_Public_Authority | Y5: Norwegian Government | Z5: Norway | AA5: Regulation | AB5: Public authority | AC5: Primary normative | AD5: Norwegian | AE5: html | AH5: Official regulation issued by Norwegian Government; included because it may impose binding requirements on an in-scope aquaculture asset, activity, permit or certification. | AI5: HIGH | AJ5: OFFICIAL_WEBSITE | AK5: OFFICIAL_ORIGINAL | AL5: ROLLING | AN5: REV-c0d0c6e81b4104ff | AQ5: 46265.417 | AR5: {"action": "APPLY_FIELD_UPDATES", "issue_codes": ["SELECTION_PENDING"], "retry_after_apply": false, "review_fingerprint": "64364727049ba9c7", "source_fingerprint": "ed006914277b62cdf04c", "source_id": "PA006", "updates": {}}
A6: PA008 | B6: Water Framework Regulations | C6: SELECTION_REVIEW | D6: SELECTION_PENDING | E6: Review the human-governed source fields and choose INCLUDE, PENDING or EXCLUDE in Human Operation Desktop. | F6: PENDING | I6: PENDING | J6: operator_selection_decision is PENDING; mandatory assessment is not HIGH: scope_relevance. | K6: https://lovdata.no/dokument/SF/forskrift/2006-12-15-1446 | L6: https://lovdata.no/dokument/SF/forskrift/2006-12-15-1446 | M6: HIGH | N6: MEDIUM | O6: HIGH | P6: HIGH | Q6: HIGH | R6: PENDING | T6: CURRENT | V6: Project-mentioned candidate. Relevance depends on recipient and water-body assessment. | X6: A_Public_Authority | Y6: Norwegian Government | Z6: Norway | AA6: Regulation | AB6: Public authority | AC6: Referenced normative | AD6: Norwegian | AE6: html | AH6: Official referenced source from Norwegian Government; included because an applicable law, permit or certification scheme may make its provisions binding within the approved scope. | AI6: HIGH | AJ6: OFFICIAL_WEBSITE | AK6: OFFICIAL_ORIGINAL | AL6: ROLLING | AN6: REV-5a368d2a1657cd27 | AQ6: 46265.417 | AR6: {"action": "APPLY_FIELD_UPDATES", "issue_codes": ["SELECTION_PENDING"], "retry_after_apply": false, "review_fingerprint": "11215ea179c26b10", "source_fingerprint": "d78eb0d1e4bb9a342cfc", "source_id": "PA008", "updates": {}}
A7: PA014 | B7: Animal Health Personnel Act | C7: SELECTION_REVIEW | D7: SELECTION_PENDING | E7: Review the human-governed source fields and choose INCLUDE, PENDING or EXCLUDE in Human Operation Desktop. | F7: PENDING | I7: PENDING | J7: operator_selection_decision is PENDING; mandatory assessment is not HIGH: scope_relevance. | K7: https://lovdata.no/dokument/NL/lov/2001-06-15-75 | L7: https://lovdata.no/dokument/NL/lov/2001-06-15-75 | M7: HIGH | N7: MEDIUM | O7: HIGH | P7: HIGH | Q7: HIGH | R7: PENDING | T7: CURRENT | V7: Official expansion. Relevant where veterinarians or aquatic animal health personnel perform regulated tasks. | X7: A_Public_Authority | Y7: Norwegian Ministry of Agriculture and Food | Z7: Norway | AA7: Law | AB7: Public authority | AC7: Primary normative | AD7: Norwegian | AE7: html | AH7: Official law issued by Norwegian Ministry of Agriculture and Food; included because it may impose binding requirements on an in-scope aquaculture asset, activity, permit or certification. | AI7: HIGH | AJ7: OFFICIAL_WEBSITE | AK7: OFFICIAL_ORIGINAL | AL7: ROLLING | AN7: REV-62751c59a66c6a1d | AQ7: 46265.417 | AR7: {"action": "APPLY_FIELD_UPDATES", "issue_codes": ["SELECTION_PENDING"], "retry_after_apply": false, "review_fingerprint": "afad6131b20484b3", "source_fingerprint": "2178f0dbfba51fe85739", "source_id": "PA014", "updates": {}}
A8: PA018 | B8: Ship Safety and Security Act | C8: SELECTION_REVIEW | D8: SELECTION_PENDING | E8: Review the human-governed source fields and choose INCLUDE, PENDING or EXCLUDE in Human Operation Desktop. | F8: PENDING | I8: PENDING | J8: operator_selection_decision is PENDING; mandatory assessment is not HIGH: scope_relevance. | K8: https://lovdata.no/dokument/NL/lov/2007-02-16-9 | L8: https://lovdata.no/dokument/NL/lov/2007-02-16-9 | M8: HIGH | N8: MEDIUM | O8: HIGH | P8: HIGH | Q8: HIGH | R8: PENDING | T8: CURRENT | V8: Official expansion. Conditional on vessels and maritime operations within client scope. | X8: A_Public_Authority | Y8: Norwegian Government | Z8: Norway | AA8: Law | AB8: Public authority | AC8: Primary normative | AD8: Norwegian | AE8: html | AH8: Official law issued by Norwegian Government; included because it may impose binding requirements on an in-scope aquaculture asset, activity, permit or certification. | AI8: HIGH | AJ8: OFFICIAL_WEBSITE | AK8: OFFICIAL_ORIGINAL | AL8: ROLLING | AN8: REV-af45076e6262b2a1 | AQ8: 46265.417 | AR8: {"action": "APPLY_FIELD_UPDATES", "issue_codes": ["SELECTION_PENDING"], "retry_after_apply": false, "review_fingerprint": "b525ac10ad083ce4", "source_fingerprint": "0d4353e153fca38772dd", "source_id": "PA018", "updates": {}}
A9: PA019 | B9: Regulation on transport of aquaculture animals | C9: SELECTION_REVIEW | D9: SELECTION_PENDING | E9: Review the human-governed source fields and choose INCLUDE, PENDING or EXCLUDE in Human Operation Desktop. | F9: PENDING | I9: PENDING | J9: operator_selection_decision is PENDING; mandatory assessment is not HIGH: scope_relevance. | K9: https://lovdata.no/dokument/SF/forskrift/2008-06-17-820 | L9: https://lovdata.no/dokument/SF/forskrift/2008-06-17-820 | M9: HIGH | N9: MEDIUM | O9: HIGH | P9: HIGH | Q9: HIGH | R9: PENDING | T9: CURRENT | V9: Official expansion from Mattilsynet. Conditional on live-animal transport activities. | X9: A_Public_Authority | Y9: Norwegian Government | Z9: Norway | AA9: Regulation | AB9: Public authority | AC9: Primary normative | AD9: Norwegian | AE9: html | AH9: Official regulation issued by Norwegian Government; included because it may impose binding requirements on an in-scope aquaculture asset, activity, permit or certification. | AI9: HIGH | AJ9: OFFICIAL_WEBSITE | AK9: OFFICIAL_ORIGINAL | AL9: ROLLING | AN9: REV-64b96f6ce11e0034 | AQ9: 46265.417 | AR9: {"action": "APPLY_FIELD_UPDATES", "issue_codes": ["SELECTION_PENDING"], "retry_after_apply": false, "review_fingerprint": "4fb758d3454f3940", "source_fingerprint": "2e3fef8b6d09ac93916f", "source_id": "PA019", "updates": {}}
A10: PA020 | B10: Regulation on slaughterhouses and processing facilities for aquaculture animals | C10: SELECTION_REVIEW | D10: SELECTION_PENDING | E10: Review the human-governed source fields and choose INCLUDE, PENDING or EXCLUDE in Human Operation Desktop. | F10: PENDING | I10: PENDING | J10: operator_selection_decision is PENDING; mandatory assessment is not HIGH: scope_relevance. | K10: https://lovdata.no/dokument/SF/forskrift/2006-10-30-1250 | L10: https://lovdata.no/dokument/SF/forskrift/2006-10-30-1250 | M10: HIGH | N10: MEDIUM | O10: HIGH | P10: HIGH | Q10: HIGH | R10: PENDING | T10: CURRENT | V10: Official expansion from Mattilsynet. Include only when slaughter or processing is in scope. | X10: A_Public_Authority | Y10: Norwegian Ministry of Trade, Industry and Fisheries | Z10: Norway | AA10: Regulation | AB10: Public authority | AC10: Primary normative | AD10: Norwegian | AE10: html | AH10: Official regulation issued by Norwegian Ministry of Trade, Industry and Fisheries; included because it may impose binding requirements on an in-scope aquaculture asset, activity, permit or certification. | AI10: HIGH | AJ10: OFFICIAL_WEBSITE | AK10: OFFICIAL_ORIGINAL | AL10: ROLLING | AN10: REV-8894a57f04ce2796 | AQ10: 46265.417 | AR10: {"action": "APPLY_FIELD_UPDATES", "issue_codes": ["SELECTION_PENDING"], "retry_after_apply": false, "review_fingerprint": "464511ec37ae5ab8", "source_fingerprint": "b195fa28ffbc2bc3fd0b", "source_id": "PA020", "updates": {}}
A11: PA021 | B11: Regulation on permits for aquaculture of salmon, trout and rainbow trout (Salmon Allocation Regulations) | C11: SELECTION_REVIEW | D11: SELECTION_PENDING | E11: Review the human-governed source fields and choose INCLUDE, PENDING or EXCLUDE in Human Operation Desktop. | F11: PENDING | I11: PENDING | J11: operator_selection_decision is PENDING; mandatory assessment is not HIGH: scope_relevance. | K11: https://lovdata.no/dokument/SF/forskrift/2022-11-07-1929 | L11: https://lovdata.no/dokument/SF/forskrift/2022-11-07-1929 | M11: HIGH | N11: MEDIUM | O11: HIGH | P11: HIGH | Q11: HIGH | R11: PENDING | T11: CURRENT | V11: Official expansion from Fiskeridirektoratet's aquaculture regulation index; conditional on species and permit type. | X11: A_Public_Authority | Y11: Norwegian Ministry of Trade, Industry and Fisheries | Z11: Norway | AA11: Regulation | AB11: Public authority | AC11: Primary normative | AD11: Norwegian | AE11: html | AH11: Official regulation issued by Norwegian Ministry of Trade, Industry and Fisheries; included because it may impose binding requirements on an in-scope aquaculture asset, activity, permit or certification. | AI11: HIGH | AJ11: OFFICIAL_WEBSITE | AK11: OFFICIAL_ORIGINAL | AL11: ROLLING | AN11: REV-5214575831eeb70e | AQ11: 46265.417 | AR11: {"action": "APPLY_FIELD_UPDATES", "issue_codes": ["SELECTION_PENDING"], "retry_after_apply": false, "review_fingerprint": "a54937e050552d22", "source_fingerprint": "e7ea7c2cca720ae19f62", "source_id": "PA021", "updates": {}}
